latitude,longitude,detected_at,confidence,frp,satellite
19.04805,-90.91425,2026-05-08T08:22:00Z,n,0.84,N20
19.01908,-90.60088,2026-05-08T08:22:00Z,n,2.46,N20
19.04934,-90.91478,2026-05-08T08:22:00Z,n,1.61,N20
19.01988,-90.60454,2026-05-08T08:22:00Z,n,3.13,N20
19.05091,-90.9157,2026-05-08T08:03:00Z,n,1.78,N
19.0202,-90.60274,2026-05-08T08:03:00Z,n,4.02,N
19.09306,-90.68861,2026-05-08T08:03:00Z,n,1.47,N
18.82158,-90.62231,2026-05-08T08:03:00Z,n,1.06,N
18.82528,-90.62154,2026-05-08T08:03:00Z,n,1.26,N
19.13219,-90.62151,2026-05-08T08:03:00Z,n,0.74,N
19.09757,-90.69249,2026-05-08T08:03:00Z,n,1.51,N
19.0165,-90.60349,2026-05-08T08:03:00Z,n,4.02,N
19.15136,-90.57932,2026-05-08T08:03:00Z,n,1.2,N
19.10822,-90.62344,2026-05-08T08:03:00Z,n,0.81,N
19.004058837890625,-90.79239654541016,2026-05-08T03:20:21Z,processed,20.53965187072754,GOES-19
18.96425437927246,-90.78780364990234,2026-05-08T02:10:21Z,processed,31.18129539489746,GOES-19
19.120807647705078,-90.62214660644531,2026-05-08T02:10:21Z,processed,23.856847763061523,GOES-19
19.08697,-90.70229,2026-05-08T02:02:00Z,91,94.25,Terra (MODIS)
19.08592,-90.69536,2026-05-08T02:02:00Z,88,79.57,Terra (MODIS)
19.1391,-90.62454,2026-05-08T02:02:00Z,75,50.38,Terra (MODIS)
19.13746,-90.6177,2026-05-08T02:02:00Z,74,45.41,Terra (MODIS)
19.097871780395508,-90.7009506225586,2026-05-08T02:00:22Z,processed,103.62478637695312,GOES-18
18.96425437927246,-90.78780364990234,2026-05-08T02:00:21Z,processed,39.08116149902344,GOES-19
19.082265853881836,-90.69940948486328,2026-05-08T02:00:21Z,processed,82.42623138427734,GOES-19
18.96425437927246,-90.78780364990234,2026-05-08T01:50:21Z,processed,47.214576721191406,GOES-19
19.140764236450195,-90.62445068359375,2026-05-08T01:50:21Z,processed,44.68259811401367,GOES-19
19.140764236450195,-90.62445068359375,2026-05-08T01:40:21Z,processed,46.58614730834961,GOES-19
18.96425437927246,-90.78780364990234,2026-05-08T01:40:21Z,processed,49.148860931396484,GOES-19
18.970191955566406,-90.7935791015625,2026-05-08T01:30:22Z,medium_probability,38.68320846557617,GOES-18
18.96425437927246,-90.78780364990234,2026-05-08T01:30:21Z,processed,50.352359771728516,GOES-19
19.140764236450195,-90.62445068359375,2026-05-08T01:30:21Z,processed,28.674388885498047,GOES-19
18.970191955566406,-90.7935791015625,2026-05-08T01:20:22Z,high_probability,46.928993225097656,GOES-18
18.96425437927246,-90.78780364990234,2026-05-08T01:20:21Z,processed,58.169063568115234,GOES-19
18.96425437927246,-90.78780364990234,2026-05-08T01:10:21Z,processed,86.94888305664062,GOES-19
18.970191955566406,-90.7935791015625,2026-05-08T01:00:22Z,high_probability,69.20269012451172,GOES-18
18.970191955566406,-90.7935791015625,2026-05-08T00:50:22Z,high_probability,92.48004913330078,GOES-18
18.96425437927246,-90.78780364990234,2026-05-08T00:50:21Z,processed,192.53221130371094,GOES-19
18.963958740234375,-90.76737213134766,2026-05-08T00:50:21Z,processed,83.40288543701172,GOES-19
18.970191955566406,-90.7935791015625,2026-05-08T00:40:22Z,high_probability,127.06719970703125,GOES-18
18.96425437927246,-90.78780364990234,2026-05-08T00:40:21Z,processed,178.6389923095703,GOES-19
18.970191955566406,-90.7935791015625,2026-05-08T00:30:22Z,processed,103.97535705566406,GOES-18
18.970191955566406,-90.7935791015625,2026-05-08T00:20:22Z,processed,109.44380187988281,GOES-18
18.96425437927246,-90.78780364990234,2026-05-08T00:20:21Z,processed,141.42259216308594,GOES-19
18.96425437927246,-90.78780364990234,2026-05-08T00:10:21Z,processed,40.99226760864258,GOES-19
18.923797607421875,-90.74230194091797,2026-05-07T23:30:21Z,processed,135.00286865234375,GOES-19
18.909719467163086,-90.75437927246094,2026-05-07T23:20:22Z,processed,162.45480346679688,GOES-18
19.082908630371094,-90.74034881591797,2026-05-07T23:20:21Z,processed,23.66024398803711,GOES-19
18.923797607421875,-90.74230194091797,2026-05-07T23:20:21Z,processed,348.4798889160156,GOES-19
19.082908630371094,-90.74034881591797,2026-05-07T23:10:21Z,processed,32.84685134887695,GOES-19
19.082908630371094,-90.74034881591797,2026-05-07T23:00:21Z,processed,40.08024215698242,GOES-19
19.06549644470215,-90.90180206298828,2026-05-07T22:20:21Z,processed,40.94116973876953,GOES-19
19.082908630371094,-90.74034881591797,2026-05-07T22:20:21Z,high_probability,58.876861572265625,GOES-19
19.10216522216797,-90.70169067382812,2026-05-07T22:10:21Z,processed,72.69048309326172,GOES-19
19.101837158203125,-90.68122100830078,2026-05-07T22:00:21Z,processed,81.53042602539062,GOES-19
19.097871780395508,-90.7009506225586,2026-05-07T21:50:22Z,processed,111.6731948852539,GOES-18
19.075439453125,-90.74503326416016,2026-05-07T21:50:22Z,processed,97.75859069824219,GOES-18
19.09912109375,-90.66702270507812,2026-05-07T21:50:22Z,processed,120.12660217285156,GOES-18
19.0832576751709,-90.7608413696289,2026-05-07T21:50:21Z,processed,65.2672119140625,GOES-19
19.082908630371094,-90.74034881591797,2026-05-07T21:50:21Z,processed,123.03717041015625,GOES-19
19.09912109375,-90.66702270507812,2026-05-07T21:40:22Z,processed,119.97110748291016,GOES-18
19.097871780395508,-90.7009506225586,2026-05-07T21:40:22Z,processed,209.39894104003906,GOES-18
19.082265853881836,-90.69940948486328,2026-05-07T21:40:21Z,processed,90.7950439453125,GOES-19
19.0832576751709,-90.7608413696289,2026-05-07T21:40:21Z,processed,82.73213195800781,GOES-19
19.082908630371094,-90.74034881591797,2026-05-07T21:40:21Z,processed,146.7330322265625,GOES-19
19.06549644470215,-90.90180206298828,2026-05-07T21:40:21Z,processed,44.71901321411133,GOES-19
18.82267951965332,-90.62872314453125,2026-05-07T21:40:21Z,processed,31.256805419921875,GOES-19
18.849489212036133,-90.71435546875,2026-05-07T21:30:22Z,processed,85.87127685546875,GOES-18
19.078144073486328,-90.67649841308594,2026-05-07T21:30:22Z,processed,102.87295532226562,GOES-18
19.097871780395508,-90.7009506225586,2026-05-07T21:30:22Z,processed,226.0897216796875,GOES-18
19.075439453125,-90.74503326416016,2026-05-07T21:30:22Z,processed,148.5716094970703,GOES-18
19.0767765045166,-90.71083068847656,2026-05-07T21:30:22Z,processed,102.3824462890625,GOES-18
19.082555770874023,-90.71984100341797,2026-05-07T21:30:21Z,processed,52.865665435791016,GOES-19
19.082908630371094,-90.74034881591797,2026-05-07T21:30:21Z,processed,187.3832550048828,GOES-19
19.0832576751709,-90.7608413696289,2026-05-07T21:30:21Z,processed,92.47989654541016,GOES-19
19.082265853881836,-90.69940948486328,2026-05-07T21:30:21Z,processed,126.20858001708984,GOES-19
19.081974029541016,-90.6789779663086,2026-05-07T21:30:21Z,processed,168.14410400390625,GOES-19
19.140460968017578,-90.60401916503906,2026-05-07T21:30:21Z,processed,62.21483612060547,GOES-19
19.062915802001953,-90.73797607421875,2026-05-07T21:30:21Z,processed,51.78301239013672,GOES-19
18.94075584411621,-90.56060791015625,2026-05-07T21:30:21Z,processed,29.845674514770508,GOES-19
19.09912109375,-90.66702270507812,2026-05-07T21:20:22Z,processed,221.08070373535156,GOES-18
19.078144073486328,-90.67649841308594,2026-05-07T21:20:22Z,processed,115.81510162353516,GOES-18
19.0767765045166,-90.71083068847656,2026-05-07T21:20:22Z,processed,166.13839721679688,GOES-18
19.075439453125,-90.74503326416016,2026-05-07T21:20:22Z,processed,196.4807586669922,GOES-18
19.082908630371094,-90.74034881591797,2026-05-07T21:20:21Z,processed,325.1636657714844,GOES-19
19.081974029541016,-90.6789779663086,2026-05-07T21:20:21Z,processed,169.5132598876953,GOES-19
19.0832576751709,-90.7608413696289,2026-05-07T21:20:21Z,processed,127.86576080322266,GOES-19
19.082265853881836,-90.69940948486328,2026-05-07T21:20:21Z,processed,137.8131103515625,GOES-19
19.140460968017578,-90.60401916503906,2026-05-07T21:20:21Z,processed,63.81690979003906,GOES-19
19.082555770874023,-90.71984100341797,2026-05-07T21:20:21Z,processed,90.96387481689453,GOES-19
19.096572875976562,-90.73504638671875,2026-05-07T21:10:22Z,processed,141.44813537597656,GOES-18
19.082908630371094,-90.74034881591797,2026-05-07T21:10:21Z,processed,266.61981201171875,GOES-19
19.10216522216797,-90.70169067382812,2026-05-07T21:10:21Z,high_probability,77.44205474853516,GOES-19
19.081974029541016,-90.6789779663086,2026-05-07T21:10:21Z,processed,68.31073760986328,GOES-19
19.0832576751709,-90.7608413696289,2026-05-07T21:10:21Z,processed,124.2151107788086,GOES-19
19.101837158203125,-90.68122100830078,2026-05-07T21:10:21Z,processed,113.28077697753906,GOES-19
19.140460968017578,-90.60401916503906,2026-05-07T21:10:21Z,processed,66.86943054199219,GOES-19
19.062915802001953,-90.73797607421875,2026-05-07T21:10:21Z,processed,64.873291015625,GOES-19
18.984134674072266,-90.79007720947266,2026-05-07T21:10:21Z,processed,49.88343811035156,GOES-19
19.097871780395508,-90.7009506225586,2026-05-07T21:00:22Z,processed,102.21015930175781,GOES-18
19.081974029541016,-90.6789779663086,2026-05-07T21:00:21Z,processed,65.55244445800781,GOES-19
19.082908630371094,-90.74034881591797,2026-05-07T21:00:21Z,processed,90.94969177246094,GOES-19
18.943740844726562,-90.74463653564453,2026-05-07T21:00:21Z,processed,57.49935531616211,GOES-19
18.984134674072266,-90.79007720947266,2026-05-07T21:00:21Z,processed,50.55436706542969,GOES-19
19.101837158203125,-90.68122100830078,2026-05-07T21:00:21Z,processed,143.2828826904297,GOES-19
19.09912109375,-90.66702270507812,2026-05-07T20:50:22Z,processed,92.14152526855469,GOES-18
19.120807647705078,-90.62214660644531,2026-05-07T20:50:21Z,processed,77.94519805908203,GOES-19
19.0455379486084,-90.8994369506836,2026-05-07T20:50:21Z,processed,37.00139236450195,GOES-19
19.003711700439453,-90.77191162109375,2026-05-07T20:50:21Z,processed,55.915618896484375,GOES-19
19.082908630371094,-90.74034881591797,2026-05-07T20:50:21Z,processed,80.241455078125,GOES-19
19.101837158203125,-90.68122100830078,2026-05-07T20:50:21Z,processed,78.10017395019531,GOES-19
19.12167739868164,-90.6224594116211,2026-05-07T20:40:22Z,processed,75.18011474609375,GOES-18
19.100839614868164,-90.61981964111328,2026-05-07T20:40:21Z,processed,76.37818908691406,GOES-19
19.101837158203125,-90.68122100830078,2026-05-07T20:40:21Z,medium_probability,62.983577728271484,GOES-19
18.82267951965332,-90.62872314453125,2026-05-07T20:40:21Z,processed,32.50986099243164,GOES-19
19.120807647705078,-90.62214660644531,2026-05-07T20:40:21Z,processed,96.35783386230469,GOES-19
19.003711700439453,-90.77191162109375,2026-05-07T20:40:21Z,processed,62.561283111572266,GOES-19
19.082908630371094,-90.74034881591797,2026-05-07T20:40:21Z,processed,70.67168426513672,GOES-19
19.097871780395508,-90.7009506225586,2026-05-07T20:30:22Z,processed,97.13788604736328,GOES-18
19.082908630371094,-90.74034881591797,2026-05-07T20:30:21Z,processed,57.98978042602539,GOES-19
18.943740844726562,-90.74463653564453,2026-05-07T20:30:21Z,processed,37.45173645019531,GOES-19
19.0455379486084,-90.8994369506836,2026-05-07T20:30:21Z,processed,44.13032150268555,GOES-19
19.081974029541016,-90.6789779663086,2026-05-07T20:30:21Z,processed,62.53415298461914,GOES-19
19.06549644470215,-90.90180206298828,2026-05-07T20:30:21Z,processed,51.78916931152344,GOES-19
19.075439453125,-90.74503326416016,2026-05-07T20:20:22Z,processed,64.4354476928711,GOES-18
19.01232147216797,-90.7740478515625,2026-05-07T20:20:22Z,processed,117.6958236694336,GOES-18
19.09912109375,-90.66702270507812,2026-05-07T20:20:22Z,processed,70.54297637939453,GOES-18
19.004058837890625,-90.79239654541016,2026-05-07T20:20:21Z,processed,78.7418441772461,GOES-19
18.984817504882812,-90.8310546875,2026-05-07T20:20:21Z,processed,43.032466888427734,GOES-19
19.120807647705078,-90.62214660644531,2026-05-07T20:20:21Z,processed,61.36614990234375,GOES-19
19.003711700439453,-90.77191162109375,2026-05-07T20:20:21Z,processed,108.38935089111328,GOES-19
19.082908630371094,-90.74034881591797,2026-05-07T20:20:21Z,processed,81.89619445800781,GOES-19
19.10216522216797,-90.70169067382812,2026-05-07T20:20:21Z,processed,75.97528076171875,GOES-19
19.09912109375,-90.66702270507812,2026-05-07T20:10:22Z,processed,105.24173736572266,GOES-18
19.097871780395508,-90.7009506225586,2026-05-07T20:10:22Z,processed,89.12117004394531,GOES-18
19.101837158203125,-90.68122100830078,2026-05-07T20:10:21Z,processed,106.95596313476562,GOES-19
19.003711700439453,-90.77191162109375,2026-05-07T20:10:21Z,processed,64.0851058959961,GOES-19
19.082908630371094,-90.74034881591797,2026-05-07T20:10:21Z,processed,72.70154571533203,GOES-19
19.048898696899414,-90.89173126220703,2026-05-07T20:00:22Z,processed,69.78913116455078,GOES-18
19.097871780395508,-90.7009506225586,2026-05-07T20:00:22Z,processed,91.60905456542969,GOES-18
19.09912109375,-90.66702270507812,2026-05-07T20:00:22Z,processed,88.79803466796875,GOES-18
19.101837158203125,-90.68122100830078,2026-05-07T20:00:21Z,processed,71.63785552978516,GOES-19
19.082908630371094,-90.74034881591797,2026-05-07T20:00:21Z,processed,61.517799377441406,GOES-19
19.140460968017578,-90.60401916503906,2026-05-07T20:00:21Z,processed,52.859779357910156,GOES-19
18.923797607421875,-90.74230194091797,2026-05-07T20:00:21Z,processed,32.44480895996094,GOES-19
19.003711700439453,-90.77191162109375,2026-05-07T20:00:21Z,processed,60.74443435668945,GOES-19
18.97782,-90.83224,2026-05-07T19:51:00Z,l,8.63,N20
19.12021,-90.54892,2026-05-07T19:51:00Z,n,2.58,N20
18.97554,-90.76157,2026-05-07T19:51:00Z,l,10.72,N20
18.85199,-90.67212,2026-05-07T19:51:00Z,n,6.31,N20
18.90509,-90.79314,2026-05-07T19:51:00Z,n,2.88,N20
18.97228,-90.8374,2026-05-07T19:51:00Z,n,8.63,N20
18.94163,-90.75165,2026-05-07T19:51:00Z,n,5.08,N20
18.93627,-90.73763,2026-05-07T19:51:00Z,n,7.46,N20
18.94226,-90.74573,2026-05-07T19:51:00Z,l,5.08,N20
19.14784,-90.57461,2026-05-07T19:51:00Z,n,6.11,N20
19.15224,-90.67192,2026-05-07T19:51:00Z,l,4.25,N20
19.11544,-90.68604,2026-05-07T19:51:00Z,l,6.98,N20
19.08795,-90.75441,2026-05-07T19:51:00Z,n,9.78,N20
19.10312,-90.66052,2026-05-07T19:51:00Z,n,4.99,N20
19.10486,-90.69092,2026-05-07T19:51:00Z,l,2.63,N20
19.09496,-90.68951,2026-05-07T19:51:00Z,n,24.57,N20
19.09927,-90.69609,2026-05-07T19:51:00Z,n,24.57,N20
19.09352,-90.74919,2026-05-07T19:51:00Z,n,9.78,N20
19.09991,-90.69024,2026-05-07T19:51:00Z,n,24.57,N20
19.14229,-90.67075,2026-05-07T19:51:00Z,n,25.67,N20
19.08554,-90.73033,2026-05-07T19:51:00Z,n,3.94,N20
19.08428,-90.74203,2026-05-07T19:51:00Z,l,6.69,N20
19.10248,-90.66643,2026-05-07T19:51:00Z,n,6.07,N20
19.08999,-90.68892,2026-05-07T19:51:00Z,n,32.3,N20
19.01505,-90.62888,2026-05-07T19:51:00Z,n,6.49,N20
18.99891,-90.77619,2026-05-07T19:51:00Z,n,15.06,N20
19.01007,-90.76556,2026-05-07T19:51:00Z,l,5.29,N20
19.01436,-90.77198,2026-05-07T19:51:00Z,n,5.29,N20
19.01073,-90.75957,2026-05-07T19:51:00Z,l,6.2,N20
19.03728,-90.76054,2026-05-07T19:51:00Z,n,9.21,N20
18.97857,-90.77966,2026-05-07T19:51:00Z,n,2.75,N20
19.0032,-90.78258,2026-05-07T19:51:00Z,n,15.06,N20
19.01501,-90.76607,2026-05-07T19:51:00Z,n,5.29,N20
19.05753,-90.89764,2026-05-07T19:51:00Z,n,30.08,N20
19.07997,-90.73553,2026-05-07T19:51:00Z,l,6.69,N20
18.82686,-90.62759,2026-05-07T19:51:00Z,l,5.69,N20
18.99827,-90.78202,2026-05-07T19:51:00Z,n,15.06,N20
19.09063,-90.68304,2026-05-07T19:51:00Z,h,29.85,N20
18.85418,-90.7107,2026-05-07T19:51:00Z,n,11.36,N20
19.09559,-90.68362,2026-05-07T19:51:00Z,n,18.72,N20
18.93988,-90.74995,2026-05-07T19:51:00Z,n,8.15,N20
19.0354,-90.76254,2026-05-07T19:51:00Z,n,10.98,N20
18.82188,-90.62715,2026-05-07T19:51:00Z,n,5.69,N20
18.90444,-90.79892,2026-05-07T19:51:00Z,l,2.88,N20
19.23509,-90.70681,2026-05-07T19:51:00Z,n,13.63,N20
19.14726,-90.67136,2026-05-07T19:51:00Z,l,4.25,N20
18.9356,-90.74355,2026-05-07T19:51:00Z,n,7.46,N20
19.1152,-90.54833,2026-05-07T19:51:00Z,l,1.3,N20
18.94549,-90.74453,2026-05-07T19:51:00Z,l,2.62,N20
19.13495,-90.64594,2026-05-07T19:51:00Z,n,6.17,N20
18.96108,-90.6513,2026-05-07T19:51:00Z,n,9.47,N20
19.14454,-90.60463,2026-05-07T19:51:00Z,n,20.14,N20
19.11069,-90.63712,2026-05-07T19:51:00Z,n,8.4,N20
19.13889,-90.61002,2026-05-07T19:51:00Z,n,5.38,N20
18.85049,-90.69836,2026-05-07T19:51:00Z,l,5.97,N20
19.14389,-90.61055,2026-05-07T19:51:00Z,n,32.33,N20
19.08365,-90.74789,2026-05-07T19:51:00Z,n,6.09,N20
18.93238,-90.74464,2026-05-07T19:51:00Z,n,10.96,N20
18.97718,-90.83803,2026-05-07T19:51:00Z,n,8.63,N20
18.8513,-90.67818,2026-05-07T19:51:00Z,n,6.31,N20
19.00384,-90.77676,2026-05-07T19:51:00Z,n,15.06,N20
18.93299,-90.73882,2026-05-07T19:51:00Z,n,12.08,N20
19.09012,-90.64083,2026-05-07T19:51:00Z,n,14.43,N20
19.13823,-90.61604,2026-05-07T19:51:00Z,n,5.38,N20
18.85783,-90.70878,2026-05-07T19:51:00Z,l,11.47,N20
18.85303,-90.67447,2026-05-07T19:51:00Z,n,5.11,N20
19.10763,-90.61868,2026-05-07T19:51:00Z,n,98.49,N20
19.05079,-90.91422,2026-05-07T19:51:00Z,n,40.3,N20
19.10874,-90.65511,2026-05-07T19:51:00Z,n,5.81,N20
19.05264,-90.89705,2026-05-07T19:51:00Z,n,30.08,N20
19.09687,-90.67171,2026-05-07T19:51:00Z,l,6.07,N20
19.09912109375,-90.66702270507812,2026-05-07T19:50:22Z,processed,124.61903381347656,GOES-18
19.097871780395508,-90.7009506225586,2026-05-07T19:50:22Z,processed,111.78253936767578,GOES-18
19.048898696899414,-90.89173126220703,2026-05-07T19:50:22Z,processed,177.67288208007812,GOES-18
19.140460968017578,-90.60401916503906,2026-05-07T19:50:21Z,processed,62.81916046142578,GOES-19
19.120807647705078,-90.62214660644531,2026-05-07T19:50:21Z,processed,105.26879119873047,GOES-19
18.984817504882812,-90.8310546875,2026-05-07T19:50:21Z,processed,34.50449752807617,GOES-19
19.082908630371094,-90.74034881591797,2026-05-07T19:50:21Z,processed,49.294612884521484,GOES-19
19.003711700439453,-90.77191162109375,2026-05-07T19:50:21Z,processed,71.56192016601562,GOES-19
19.100839614868164,-90.61981964111328,2026-05-07T19:50:21Z,processed,63.00041580200195,GOES-19
19.06549644470215,-90.90180206298828,2026-05-07T19:50:21Z,processed,164.35183715820312,GOES-19
19.0455379486084,-90.8994369506836,2026-05-07T19:50:21Z,high_probability,103.31517028808594,GOES-19
19.101837158203125,-90.68122100830078,2026-05-07T19:50:21Z,processed,130.60531616210938,GOES-19
19.09912109375,-90.66702270507812,2026-05-07T19:40:22Z,processed,95.81582641601562,GOES-18
19.01232147216797,-90.7740478515625,2026-05-07T19:40:22Z,processed,80.41580200195312,GOES-18
19.097871780395508,-90.7009506225586,2026-05-07T19:40:22Z,processed,96.07684326171875,GOES-18
19.003711700439453,-90.77191162109375,2026-05-07T19:40:21Z,processed,75.38270568847656,GOES-19
19.101837158203125,-90.68122100830078,2026-05-07T19:40:21Z,processed,129.57949829101562,GOES-19
19.10216522216797,-90.70169067382812,2026-05-07T19:40:21Z,processed,77.83319854736328,GOES-19
19.082908630371094,-90.74034881591797,2026-05-07T19:40:21Z,processed,48.519290924072266,GOES-19
19.140460968017578,-90.60401916503906,2026-05-07T19:40:21Z,processed,58.483604431152344,GOES-19
19.120807647705078,-90.62214660644531,2026-05-07T19:40:21Z,processed,69.9384765625,GOES-19
19.081974029541016,-90.6789779663086,2026-05-07T19:40:21Z,processed,63.80937194824219,GOES-19
18.9343,-90.74611,2026-05-07T19:33:00Z,n,9.28,N
19.13337,-90.64993,2026-05-07T19:33:00Z,l,8.42,N
18.9372,-90.75063,2026-05-07T19:33:00Z,l,5.33,N
19.0959,-90.68935,2026-05-07T19:33:00Z,n,30.8,N
18.93596,-90.73415,2026-05-07T19:33:00Z,n,11.1,N
18.94411,-90.75169,2026-05-07T19:33:00Z,n,4.41,N
19.15234,-90.59109,2026-05-07T19:33:00Z,n,4.79,N
18.94121,-90.74717,2026-05-07T19:33:00Z,n,5.33,N
19.15348,-90.58302,2026-05-07T19:33:00Z,n,7.6,N
18.93541,-90.73815,2026-05-07T19:33:00Z,h,12.56,N
19.14076,-90.59754,2026-05-07T19:33:00Z,l,6.14,N
19.1414,-90.61824,2026-05-07T19:33:00Z,l,9.62,N
18.97475,-90.78488,2026-05-07T19:33:00Z,n,4.97,N
19.09439,-90.75048,2026-05-07T19:33:00Z,n,6.07,N
19.09149,-90.74592,2026-05-07T19:33:00Z,l,3.89,N
19.01266,-90.76641,2026-05-07T19:33:00Z,n,8.55,N
19.08972,-90.73341,2026-05-07T19:33:00Z,n,5.98,N
19.09646,-90.68533,2026-05-07T19:33:00Z,n,12.72,N
19.09936,-90.68992,2026-05-07T19:33:00Z,n,30.8,N
19.11017,-90.63816,2026-05-07T19:33:00Z,n,9.54,N
19.14254,-90.61015,2026-05-07T19:33:00Z,n,8.13,N
19.1326,-90.57969,2026-05-07T19:33:00Z,l,3.01,N
19.13956,-90.58082,2026-05-07T19:33:00Z,n,5.31,N
19.05933,-90.89906,2026-05-07T19:33:00Z,n,20.07,N
18.94066,-90.75116,2026-05-07T19:33:00Z,n,5.33,N
19.14441,-90.67219,2026-05-07T19:33:00Z,n,5.44,N
19.14709,-90.57784,2026-05-07T19:33:00Z,n,6.19,N
19.14716,-90.60262,2026-05-07T19:33:00Z,n,5.3,N
19.15058,-90.5784,2026-05-07T19:33:00Z,n,6.19,N
19.08458,-90.74483,2026-05-07T19:33:00Z,n,8.84,N
19.14658,-90.60666,2026-05-07T19:33:00Z,n,8.13,N
19.05589,-90.89854,2026-05-07T19:33:00Z,n,38.99,N
19.14197,-90.6142,2026-05-07T19:33:00Z,n,9.62,N
19.13608,-90.58024,2026-05-07T19:33:00Z,n,3.01,N
19.05367,-90.9143,2026-05-07T19:33:00Z,n,20.41,N
19.06278,-90.8996,2026-05-07T19:33:00Z,n,20.07,N
19.13906,-90.60963,2026-05-07T19:33:00Z,n,7.46,N
19.03917,-90.76637,2026-05-07T19:33:00Z,l,6.91,N
19.11856,-90.55279,2026-05-07T19:33:00Z,l,3.55,N
19.12321,-90.74674,2026-05-07T19:33:00Z,n,5.87,N
19.11138,-90.65482,2026-05-07T19:33:00Z,n,12.75,N
19.1431,-90.60614,2026-05-07T19:33:00Z,l,8.13,N
19.05023,-90.91376,2026-05-07T19:33:00Z,l,20.41,N
19.1138,-90.68807,2026-05-07T19:33:00Z,n,14.39,N
19.03051,-90.76508,2026-05-07T19:33:00Z,l,6.95,N
19.10275,-90.6658,2026-05-07T19:33:00Z,n,10.5,N
19.10629,-90.69102,2026-05-07T19:33:00Z,n,15.48,N
19.01854,-90.59959,2026-05-07T19:33:00Z,n,5.09,N
19.03396,-90.76564,2026-05-07T19:33:00Z,l,10.64,N
19.0988,-90.69392,2026-05-07T19:33:00Z,n,30.8,N
19.03799,-90.76221,2026-05-07T19:33:00Z,n,10.64,N
19.08224,-90.7363,2026-05-07T19:33:00Z,n,8.11,N
19.14367,-90.60209,2026-05-07T19:33:00Z,n,5.3,N
19.01748,-90.6323,2026-05-07T19:33:00Z,l,3.62,N
19.08514,-90.74083,2026-05-07T19:33:00Z,l,8.11,N
19.01209,-90.7704,2026-05-07T19:33:00Z,n,8.55,N
19.09299,-90.6848,2026-05-07T19:33:00Z,n,32.43,N
19.09037,-90.7539,2026-05-07T19:33:00Z,n,18.43,N
19.00977,-90.76189,2026-05-07T19:33:00Z,n,8.81,N
19.014,-90.63182,2026-05-07T19:33:00Z,n,7.81,N
19.09093,-90.74991,2026-05-07T19:33:00Z,n,3.89,N
19.00405,-90.7773,2026-05-07T19:33:00Z,n,41.37,N
19.08625,-90.73286,2026-05-07T19:33:00Z,l,6.99,N
19.08804,-90.74537,2026-05-07T19:33:00Z,n,3.89,N
19.01506,-90.59903,2026-05-07T19:33:00Z,n,5.09,N
19.01555,-90.77093,2026-05-07T19:33:00Z,n,8.55,N
19.09495,-90.74649,2026-05-07T19:33:00Z,n,6.07,N
19.00958,-90.68835,2026-05-07T19:33:00Z,n,4.97,N
19.01612,-90.76694,2026-05-07T19:33:00Z,l,8.55,N
19.00592,-90.63885,2026-05-07T19:33:00Z,n,6.91,N
19.08748,-90.74936,2026-05-07T19:33:00Z,n,3.89,N
19.08691,-90.75335,2026-05-07T19:33:00Z,n,18.43,N
18.99714,-90.77623,2026-05-07T19:33:00Z,l,13.67,N
19.00003,-90.78073,2026-05-07T19:33:00Z,n,15.15,N
18.99658,-90.7802,2026-05-07T19:33:00Z,n,15.15,N
19.09009,-90.68025,2026-05-07T19:33:00Z,n,32.43,N
19.0006,-90.77676,2026-05-07T19:33:00Z,n,13.67,N
18.97811,-90.76105,2026-05-07T19:33:00Z,n,8.03,N
19.09243,-90.6888,2026-05-07T19:33:00Z,h,87.79,N
19.09223,-90.63952,2026-05-07T19:33:00Z,n,33.54,N
19.0032,-90.88225,2026-05-07T19:33:00Z,l,6.97,N
19.09551,-90.74248,2026-05-07T19:33:00Z,n,3.91,N
18.97838,-90.83405,2026-05-07T19:33:00Z,l,5.21,N
18.97437,-90.83746,2026-05-07T19:33:00Z,n,5.21,N
18.93776,-90.74665,2026-05-07T19:33:00Z,l,5.33,N
18.97186,-90.78038,2026-05-07T19:33:00Z,n,6.8,N
18.97531,-90.78092,2026-05-07T19:33:00Z,h,19.02,N
18.95738,-90.75778,2026-05-07T19:33:00Z,l,6.88,N
18.96148,-90.65238,2026-05-07T19:33:00Z,l,5.06,N
18.97587,-90.77695,2026-05-07T19:33:00Z,n,19.02,N
19.15135,-90.67326,2026-05-07T19:33:00Z,n,11.36,N
18.96731,-90.66145,2026-05-07T19:33:00Z,l,4.19,N
19.15911,-90.83334,2026-05-07T19:33:00Z,l,2.85,N
19.23358,-90.70609,2026-05-07T19:33:00Z,n,12.05,N
19.09993,-90.68591,2026-05-07T19:33:00Z,n,12.72,N
19.03626,-90.76185,2026-05-07T19:33:00Z,n,6.91,N
19.23415,-90.70206,2026-05-07T19:33:00Z,n,12.05,N
19.15405,-90.57896,2026-05-07T19:33:00Z,n,4.09,N
19.15582,-90.59163,2026-05-07T19:33:00Z,n,4.79,N
19.07573,-90.57929,2026-05-07T19:33:00Z,n,3.9,N
18.97782,-90.83799,2026-05-07T19:33:00Z,n,5.21,N
19.03972,-90.76238,2026-05-07T19:33:00Z,n,6.91,N
19.11954,-90.67249,2026-05-07T19:33:00Z,n,12.29,N
19.11912,-90.54877,2026-05-07T19:33:00Z,n,6.44,N
18.93214,-90.74597,2026-05-07T19:32:00Z,l,5.26,N
18.91208,-90.78751,2026-05-07T19:32:00Z,l,8.18,N
18.9075,-90.79491,2026-05-07T19:32:00Z,n,11.52,N
18.90405,-90.79436,2026-05-07T19:32:00Z,l,2.97,N
18.87692,-90.61085,2026-05-07T19:32:00Z,l,7.13,N
18.90637,-90.80282,2026-05-07T19:32:00Z,l,4.63,N
18.85544,-90.71385,2026-05-07T19:32:00Z,l,4.55,N
18.85422,-90.69732,2026-05-07T19:32:00Z,n,4.67,N
18.82408,-90.62407,2026-05-07T19:32:00Z,l,4.15,N
18.82755,-90.62459,2026-05-07T19:32:00Z,n,4.15,N
18.85075,-90.69682,2026-05-07T19:32:00Z,n,4.67,N
18.82351,-90.62811,2026-05-07T19:32:00Z,l,4.15,N
18.85008,-90.67629,2026-05-07T19:32:00Z,n,10.14,N
18.82817,-90.64516,2026-05-07T19:32:00Z,l,3.8,N
18.82003,-90.62759,2026-05-07T19:32:00Z,l,6.67,N
18.82356,-90.65262,2026-05-07T19:32:00Z,l,3.21,N
18.82698,-90.62861,2026-05-07T19:32:00Z,n,4.15,N
18.90349,-90.79832,2026-05-07T19:32:00Z,n,3.55,N
18.90694,-90.79885,2026-05-07T19:32:00Z,n,4.63,N
18.85656,-90.70586,2026-05-07T19:32:00Z,l,4.21,N
18.93442,-90.73005,2026-05-07T19:32:00Z,n,5.25,N
18.856,-90.70986,2026-05-07T19:32:00Z,l,4.55,N
18.991247177124023,-90.78385162353516,2026-05-07T19:30:22Z,processed,83.62920379638672,GOES-18
19.097871780395508,-90.7009506225586,2026-05-07T19:30:22Z,processed,127.17742919921875,GOES-18
19.09912109375,-90.66702270507812,2026-05-07T19:30:22Z,processed,131.7887420654297,GOES-18
19.01232147216797,-90.7740478515625,2026-05-07T19:30:22Z,processed,69.98189544677734,GOES-18
19.101476669311523,-90.66072082519531,2026-05-07T19:30:21Z,processed,60.02699279785156,GOES-19
19.082908630371094,-90.74034881591797,2026-05-07T19:30:21Z,processed,50.37949752807617,GOES-19
19.101837158203125,-90.68122100830078,2026-05-07T19:30:21Z,processed,142.17381286621094,GOES-19
19.081974029541016,-90.6789779663086,2026-05-07T19:30:21Z,processed,64.64105224609375,GOES-19
19.121440887451172,-90.66305541992188,2026-05-07T19:30:21Z,processed,56.8986701965332,GOES-19
19.003711700439453,-90.77191162109375,2026-05-07T19:30:21Z,processed,76.99624633789062,GOES-19
19.10216522216797,-90.70169067382812,2026-05-07T19:30:21Z,high_probability,109.3998031616211,GOES-19
19.09912109375,-90.66702270507812,2026-05-07T19:20:22Z,processed,123.1279296875,GOES-18
19.101837158203125,-90.68122100830078,2026-05-07T19:20:21Z,processed,106.65533447265625,GOES-19
19.101476669311523,-90.66072082519531,2026-05-07T19:20:21Z,processed,67.06983184814453,GOES-19
19.082908630371094,-90.74034881591797,2026-05-07T19:20:21Z,processed,50.934165954589844,GOES-19
19.081974029541016,-90.6789779663086,2026-05-07T19:20:21Z,processed,65.30426788330078,GOES-19
19.003711700439453,-90.77191162109375,2026-05-07T19:20:21Z,processed,62.32563400268555,GOES-19
19.09912109375,-90.66702270507812,2026-05-07T19:10:22Z,processed,90.7658920288086,GOES-18
18.991247177124023,-90.78385162353516,2026-05-07T19:10:22Z,processed,58.735382080078125,GOES-18
19.06549644470215,-90.90180206298828,2026-05-07T19:10:21Z,processed,41.605628967285156,GOES-19
19.101837158203125,-90.68122100830078,2026-05-07T19:10:21Z,processed,97.19210815429688,GOES-19
19.003711700439453,-90.77191162109375,2026-05-07T19:10:21Z,processed,67.08256530761719,GOES-19
19.082908630371094,-90.74034881591797,2026-05-07T19:10:21Z,processed,53.261260986328125,GOES-19
18.991247177124023,-90.78385162353516,2026-05-07T19:00:22Z,processed,85.07887268066406,GOES-18
19.09912109375,-90.66702270507812,2026-05-07T19:00:22Z,processed,96.46330261230469,GOES-18
19.06549644470215,-90.90180206298828,2026-05-07T19:00:21Z,processed,24.78635597229004,GOES-19
19.003711700439453,-90.77191162109375,2026-05-07T19:00:21Z,processed,91.15167999267578,GOES-19
19.0832576751709,-90.7608413696289,2026-05-07T19:00:21Z,processed,36.80134201049805,GOES-19
19.082908630371094,-90.74034881591797,2026-05-07T19:00:21Z,processed,41.209503173828125,GOES-19
19.10216522216797,-90.70169067382812,2026-05-07T19:00:21Z,high_probability,83.4489517211914,GOES-19
19.004058837890625,-90.79239654541016,2026-05-07T19:00:21Z,processed,68.70457458496094,GOES-19
19.101837158203125,-90.68122100830078,2026-05-07T19:00:21Z,processed,112.31165313720703,GOES-19
19.01232147216797,-90.7740478515625,2026-05-07T18:50:22Z,processed,83.78697204589844,GOES-18
18.991247177124023,-90.78385162353516,2026-05-07T18:50:22Z,processed,89.46125030517578,GOES-18
19.09912109375,-90.66702270507812,2026-05-07T18:50:22Z,processed,97.0157241821289,GOES-18
19.003711700439453,-90.77191162109375,2026-05-07T18:50:21Z,processed,111.1087875366211,GOES-19
19.004058837890625,-90.79239654541016,2026-05-07T18:50:21Z,processed,82.68290710449219,GOES-19
19.082908630371094,-90.74034881591797,2026-05-07T18:50:21Z,processed,44.844512939453125,GOES-19
19.06549644470215,-90.90180206298828,2026-05-07T18:50:21Z,processed,22.469802856445312,GOES-19
19.101837158203125,-90.68122100830078,2026-05-07T18:50:21Z,processed,98.95087432861328,GOES-19
19.09912109375,-90.66702270507812,2026-05-07T18:40:22Z,processed,89.2856216430664,GOES-18
19.101837158203125,-90.68122100830078,2026-05-07T18:40:21Z,processed,94.14118957519531,GOES-19
19.101837158203125,-90.68122100830078,2026-05-07T17:10:21Z,processed,55.17655563354492,GOES-19
19.00540542602539,-90.87433624267578,2026-05-07T16:40:21Z,processed,36.474464416503906,GOES-19
19.0081787109375,-90.87686920166016,2026-05-07T16:30:22Z,processed,70.77549743652344,GOES-18
19.00540542602539,-90.87433624267578,2026-05-07T16:30:21Z,processed,66.44792938232422,GOES-19
19.0081787109375,-90.87686920166016,2026-05-07T16:20:22Z,processed,57.51137161254883,GOES-18
19.00540542602539,-90.87433624267578,2026-05-07T16:20:21Z,processed,59.367431640625,GOES-19
19.0081787109375,-90.87686920166016,2026-05-07T16:10:22Z,processed,54.51837921142578,GOES-18
19.00540542602539,-90.87433624267578,2026-05-07T16:10:21Z,processed,49.72319793701172,GOES-19
19.005687713623047,-90.894775390625,2026-05-07T16:10:21Z,processed,48.88768005371094,GOES-19
19.00540542602539,-90.87433624267578,2026-05-07T16:00:21Z,processed,41.423248291015625,GOES-19
19.00540542602539,-90.87433624267578,2026-05-07T15:30:21Z,processed,41.37593460083008,GOES-19
19.05267,-90.91174,2026-05-07T15:09:00Z,75,12.27,Terra (MODIS)
19.01091,-90.76361,2026-05-07T15:09:00Z,62,7.33,Terra (MODIS)
19.12246,-90.83446,2026-05-07T15:09:00Z,69,9.97,Terra (MODIS)
19.00065,-90.87903,2026-05-07T15:09:00Z,81,16.66,Terra (MODIS)
19.00199,-90.88829,2026-05-07T15:09:00Z,73,8.72,Terra (MODIS)
18.92608,-90.87781,2026-05-07T15:09:00Z,58,6.79,Terra (MODIS)
34.03593,-118.10358,2026-05-07T09:26:00Z,n,0.67,N21
34.15088,-118.19202,2026-05-07T09:26:00Z,n,0.63,N21
34.03581,-118.10569,2026-05-07T09:26:00Z,n,0.73,N21
34.15114,-118.1948,2026-05-07T09:26:00Z,n,2.18,N21
33.85131,-118.33398,2026-05-07T09:26:00Z,n,2.19,N21
34.24094,-118.38189,2026-05-07T09:26:00Z,n,0.62,N21
33.85154,-118.33143,2026-05-07T09:26:00Z,n,1.14,N21
19.0519,-90.91551,2026-05-07T08:40:00Z,n,2.47,N20
19.05349,-90.91488,2026-05-07T08:40:00Z,n,5.29,N20
19.05878,-90.91364,2026-05-07T08:40:00Z,n,2.77,N20
19.05708,-90.90673,2026-05-07T08:40:00Z,n,2.12,N20
18.99438,-90.81834,2026-05-07T08:22:00Z,n,1.92,N
19.05427,-90.91278,2026-05-07T08:22:00Z,n,3.24,N
18.9772,-90.8344,2026-05-07T08:22:00Z,n,1.61,N
19.05428,-90.90456,2026-05-07T08:22:00Z,n,1.51,N
19.05541,-90.91849,2026-05-07T08:22:00Z,n,6.42,N
19.09748,-90.68748,2026-05-07T08:22:00Z,n,3.81,N
19.0855,-90.73403,2026-05-07T08:22:00Z,n,2.06,N
19.09677,-90.68845,2026-05-07T08:22:00Z,n,2.62,N
19.05798,-90.90597,2026-05-07T08:22:00Z,n,3.24,N
19.05912,-90.91166,2026-05-07T08:22:00Z,n,3.24,N
19.05665,-90.91592,2026-05-07T08:22:00Z,n,5.07,N
19.06032,-90.90912,2026-05-07T08:22:00Z,n,2.03,N
19.05313,-90.9071,2026-05-07T08:22:00Z,n,3.24,N
18.93838,-90.74574,2026-05-07T08:22:00Z,n,1.45,N
19.08058,-90.73507,2026-05-07T08:22:00Z,n,1.22,N
18.82554,-90.62779,2026-05-07T08:22:00Z,n,1.54,N
19.0518,-90.91704,2026-05-07T08:22:00Z,n,5.07,N
19.05546,-90.91023,2026-05-07T08:22:00Z,n,5.07,N
19.101837158203125,-90.68122100830078,2026-05-07T04:30:21Z,processed,24.81951904296875,GOES-19
19.101837158203125,-90.68122100830078,2026-05-07T04:20:21Z,processed,24.734453201293945,GOES-19
18.984817504882812,-90.8310546875,2026-05-07T04:10:21Z,medium_probability,22.707929611206055,GOES-19
19.101837158203125,-90.68122100830078,2026-05-07T04:10:21Z,processed,25.477012634277344,GOES-19
18.984817504882812,-90.8310546875,2026-05-07T04:00:21Z,processed,24.47989273071289,GOES-19
19.101837158203125,-90.68122100830078,2026-05-07T04:00:21Z,processed,30.089500427246094,GOES-19
18.984817504882812,-90.8310546875,2026-05-07T03:50:21Z,processed,21.974842071533203,GOES-19
19.082908630371094,-90.74034881591797,2026-05-07T03:50:21Z,processed,18.512083053588867,GOES-19
19.101837158203125,-90.68122100830078,2026-05-07T03:50:21Z,processed,34.54670333862305,GOES-19
19.101837158203125,-90.68122100830078,2026-05-07T03:40:21Z,processed,36.572425842285156,GOES-19
19.06549644470215,-90.90180206298828,2026-05-07T03:30:21Z,medium_probability,24.2523136138916,GOES-19
19.101837158203125,-90.68122100830078,2026-05-07T03:30:21Z,processed,38.41328811645508,GOES-19
18.984817504882812,-90.8310546875,2026-05-07T03:30:21Z,processed,30.629741668701172,GOES-19
19.082908630371094,-90.74034881591797,2026-05-07T03:20:21Z,processed,19.875614166259766,GOES-19
19.06852912902832,-90.9164047241211,2026-05-07T03:20:21Z,processed,35.38962936401367,GOES-18
19.10216522216797,-90.70169067382812,2026-05-07T03:20:21Z,processed,39.32149124145508,GOES-19
19.082908630371094,-90.74034881591797,2026-05-07T03:10:21Z,processed,19.427886962890625,GOES-19
18.984817504882812,-90.8310546875,2026-05-07T03:10:21Z,processed,34.9890251159668,GOES-19
19.06549644470215,-90.90180206298828,2026-05-07T03:10:21Z,high_probability,32.793357849121094,GOES-19
19.101837158203125,-90.68122100830078,2026-05-07T03:10:21Z,processed,52.97334289550781,GOES-19
19.06852912902832,-90.9164047241211,2026-05-07T03:00:21Z,processed,48.75075149536133,GOES-18
19.097871780395508,-90.7009506225586,2026-05-07T03:00:21Z,processed,41.16041564941406,GOES-18
19.06549644470215,-90.90180206298828,2026-05-07T03:00:21Z,high_probability,48.87393569946289,GOES-19
19.082908630371094,-90.74034881591797,2026-05-07T03:00:21Z,processed,24.768308639526367,GOES-19
19.101837158203125,-90.68122100830078,2026-05-07T03:00:21Z,processed,63.73421859741211,GOES-19
18.984817504882812,-90.8310546875,2026-05-07T03:00:21Z,high_probability,35.053077697753906,GOES-19
19.15462,-90.5878,2026-05-07T03:00:00Z,61,8.4,Terra (MODIS)
19.09269,-90.76127,2026-05-07T03:00:00Z,87,13.23,Terra (MODIS)
19.09416,-90.74865,2026-05-07T03:00:00Z,100,21.89,Terra (MODIS)
19.10006,-90.69788,2026-05-07T03:00:00Z,100,38.18,Terra (MODIS)
19.09134,-90.68373,2026-05-07T03:00:00Z,63,9.83,Terra (MODIS)
19.05421,-90.91425,2026-05-07T03:00:00Z,93,15.39,Terra (MODIS)
18.99404,-90.81822,2026-05-07T03:00:00Z,94,16.52,Terra (MODIS)
18.98104,-90.84177,2026-05-07T03:00:00Z,100,27.41,Terra (MODIS)
18.97221,-90.83463,2026-05-07T03:00:00Z,100,21.16,Terra (MODIS)
18.98248,-90.82933,2026-05-07T03:00:00Z,65,9.89,Terra (MODIS)
18.94077,-90.75443,2026-05-07T03:00:00Z,93,16.04,Terra (MODIS)
18.94227,-90.74179,2026-05-07T03:00:00Z,85,12.4,Terra (MODIS)
19.05571,-90.90195,2026-05-07T03:00:00Z,93,15.7,Terra (MODIS)
19.05507,-90.90818,2026-05-07T03:00:00Z,100,24.95,Terra (MODIS)
18.99841,-90.78082,2026-05-07T03:00:00Z,100,20.05,Terra (MODIS)
19.10154,-90.68517,2026-05-07T03:00:00Z,100,48.35,Terra (MODIS)
19.11176,-90.68655,2026-05-07T03:00:00Z,54,8.47,Terra (MODIS)
19.084,-90.7472,2026-05-07T03:00:00Z,90,14.88,Terra (MODIS)
19.06512,-90.90952,2026-05-07T03:00:00Z,100,29.97,Terra (MODIS)
19.097871780395508,-90.7009506225586,2026-05-07T02:50:21Z,processed,42.533817291259766,GOES-18
18.984817504882812,-90.8310546875,2026-05-07T02:50:21Z,processed,30.253108978271484,GOES-19
19.06549644470215,-90.90180206298828,2026-05-07T02:50:21Z,medium_probability,25.74806785583496,GOES-19
19.101837158203125,-90.68122100830078,2026-05-07T02:50:21Z,processed,59.061546325683594,GOES-19
19.10216522216797,-90.70169067382812,2026-05-07T02:50:21Z,processed,56.74692153930664,GOES-19
19.082908630371094,-90.74034881591797,2026-05-07T02:50:21Z,processed,26.071048736572266,GOES-19
19.097871780395508,-90.7009506225586,2026-05-07T02:40:21Z,processed,55.26226806640625,GOES-18
19.06549644470215,-90.90180206298828,2026-05-07T02:40:21Z,medium_probability,26.602170944213867,GOES-19
19.082908630371094,-90.74034881591797,2026-05-07T02:40:21Z,processed,25.484630584716797,GOES-19
19.101837158203125,-90.68122100830078,2026-05-07T02:40:21Z,processed,62.65781784057617,GOES-19
18.984817504882812,-90.8310546875,2026-05-07T02:40:21Z,processed,38.5743408203125,GOES-19
19.097871780395508,-90.7009506225586,2026-05-07T02:30:21Z,processed,68.28852081298828,GOES-18
18.984817504882812,-90.8310546875,2026-05-07T02:30:21Z,processed,49.57063293457031,GOES-19
19.06549644470215,-90.90180206298828,2026-05-07T02:30:21Z,medium_probability,20.921424865722656,GOES-19
19.082908630371094,-90.74034881591797,2026-05-07T02:30:21Z,processed,33.379295349121094,GOES-19
18.943740844726562,-90.74463653564453,2026-05-07T02:30:21Z,processed,30.329071044921875,GOES-19
19.101837158203125,-90.68122100830078,2026-05-07T02:30:21Z,processed,89.56912231445312,GOES-19
19.097871780395508,-90.7009506225586,2026-05-07T02:20:21Z,processed,50.984886169433594,GOES-18
18.943740844726562,-90.74463653564453,2026-05-07T02:20:21Z,processed,33.50473403930664,GOES-19
18.984817504882812,-90.8310546875,2026-05-07T02:20:21Z,processed,53.003849029541016,GOES-19
19.082908630371094,-90.74034881591797,2026-05-07T02:20:21Z,processed,32.335575103759766,GOES-19
19.101837158203125,-90.68122100830078,2026-05-07T02:20:21Z,processed,66.5455093383789,GOES-19
19.06549644470215,-90.90180206298828,2026-05-07T02:20:21Z,medium_probability,21.150440216064453,GOES-19
18.943740844726562,-90.74463653564453,2026-05-07T02:10:21Z,processed,37.95051956176758,GOES-19
18.984817504882812,-90.8310546875,2026-05-07T02:10:21Z,processed,63.04672622680664,GOES-19
19.06549644470215,-90.90180206298828,2026-05-07T02:10:21Z,medium_probability,24.54408836364746,GOES-19
19.082908630371094,-90.74034881591797,2026-05-07T02:10:21Z,processed,33.121097564697266,GOES-19
19.101837158203125,-90.68122100830078,2026-05-07T02:10:21Z,processed,58.4479866027832,GOES-19
18.943740844726562,-90.74463653564453,2026-05-07T02:00:21Z,processed,34.2128791809082,GOES-19
18.984817504882812,-90.8310546875,2026-05-07T02:00:21Z,processed,81.20872497558594,GOES-19
19.06549644470215,-90.90180206298828,2026-05-07T02:00:21Z,medium_probability,22.59175682067871,GOES-19
19.101837158203125,-90.68122100830078,2026-05-07T02:00:21Z,processed,86.17003631591797,GOES-19
19.10216522216797,-90.70169067382812,2026-05-07T02:00:21Z,processed,76.36546325683594,GOES-19
19.082908630371094,-90.74034881591797,2026-05-07T02:00:21Z,processed,46.841304779052734,GOES-19
19.097871780395508,-90.7009506225586,2026-05-07T02:00:21Z,processed,64.77960968017578,GOES-18
18.943740844726562,-90.74463653564453,2026-05-07T01:50:21Z,processed,36.00077438354492,GOES-19
18.984817504882812,-90.8310546875,2026-05-07T01:50:21Z,processed,63.61595916748047,GOES-19
19.082908630371094,-90.74034881591797,2026-05-07T01:50:21Z,processed,51.50541687011719,GOES-19
19.101837158203125,-90.68122100830078,2026-05-07T01:50:21Z,processed,100.3559341430664,GOES-19
19.10216522216797,-90.70169067382812,2026-05-07T01:50:21Z,processed,83.85205841064453,GOES-19
18.984817504882812,-90.8310546875,2026-05-07T01:40:21Z,processed,53.78301239013672,GOES-19
19.101837158203125,-90.68122100830078,2026-05-07T01:40:21Z,processed,80.74018859863281,GOES-19
19.10216522216797,-90.70169067382812,2026-05-07T01:40:21Z,processed,76.06774139404297,GOES-19
18.943740844726562,-90.74463653564453,2026-05-07T01:40:21Z,processed,36.466434478759766,GOES-19
19.097871780395508,-90.7009506225586,2026-05-07T01:30:21Z,processed,80.4765853881836,GOES-18
18.863792419433594,-90.71501922607422,2026-05-07T01:30:21Z,processed,19.74439811706543,GOES-19
18.943740844726562,-90.74463653564453,2026-05-07T01:30:21Z,processed,36.43943405151367,GOES-19
19.101837158203125,-90.68122100830078,2026-05-07T01:30:21Z,processed,112.1378402709961,GOES-19
19.10216522216797,-90.70169067382812,2026-05-07T01:30:21Z,processed,90.37337493896484,GOES-19
18.984817504882812,-90.8310546875,2026-05-07T01:30:21Z,processed,84.5025863647461,GOES-19
18.98979949951172,-90.818359375,2026-05-07T01:30:21Z,high_probability,52.186500549316406,GOES-18
19.097871780395508,-90.7009506225586,2026-05-07T01:20:21Z,processed,89.52444458007812,GOES-18
18.943740844726562,-90.74463653564453,2026-05-07T01:20:21Z,processed,40.81064224243164,GOES-19
18.984817504882812,-90.8310546875,2026-05-07T01:20:21Z,processed,57.3516960144043,GOES-19
19.003711700439453,-90.77191162109375,2026-05-07T01:20:21Z,processed,20.908552169799805,GOES-19
19.06549644470215,-90.90180206298828,2026-05-07T01:20:21Z,medium_probability,20.502195358276367,GOES-19
19.10216522216797,-90.70169067382812,2026-05-07T01:20:21Z,processed,115.54215240478516,GOES-19
19.101837158203125,-90.68122100830078,2026-05-07T01:20:21Z,processed,130.44956970214844,GOES-19
19.097871780395508,-90.7009506225586,2026-05-07T01:10:21Z,processed,86.5472412109375,GOES-18
18.943740844726562,-90.74463653564453,2026-05-07T01:10:21Z,processed,43.6276969909668,GOES-19
19.003711700439453,-90.77191162109375,2026-05-07T01:10:21Z,processed,20.53142547607422,GOES-19
19.06549644470215,-90.90180206298828,2026-05-07T01:10:21Z,medium_probability,23.99230194091797,GOES-19
19.101837158203125,-90.68122100830078,2026-05-07T01:10:21Z,processed,127.77387237548828,GOES-19
19.10216522216797,-90.70169067382812,2026-05-07T01:10:21Z,processed,112.86080169677734,GOES-19
18.984817504882812,-90.8310546875,2026-05-07T01:10:21Z,processed,54.149627685546875,GOES-19
19.082908630371094,-90.74034881591797,2026-05-07T01:00:21Z,processed,69.7471694946289,GOES-19
19.101837158203125,-90.68122100830078,2026-05-07T01:00:21Z,processed,173.4143524169922,GOES-19
19.10216522216797,-90.70169067382812,2026-05-07T01:00:21Z,processed,113.96586608886719,GOES-19
19.097871780395508,-90.7009506225586,2026-05-07T01:00:21Z,processed,96.82792663574219,GOES-18
18.943740844726562,-90.74463653564453,2026-05-07T01:00:21Z,processed,37.7837028503418,GOES-19
18.984817504882812,-90.8310546875,2026-05-07T01:00:21Z,processed,46.42729568481445,GOES-19
19.097871780395508,-90.7009506225586,2026-05-07T00:50:21Z,processed,116.01236724853516,GOES-18
18.943740844726562,-90.74463653564453,2026-05-07T00:50:21Z,processed,49.560569763183594,GOES-19
18.984817504882812,-90.8310546875,2026-05-07T00:50:21Z,processed,46.559814453125,GOES-19
19.003711700439453,-90.77191162109375,2026-05-07T00:50:21Z,processed,31.24785614013672,GOES-19
19.06549644470215,-90.90180206298828,2026-05-07T00:50:21Z,high_probability,27.3021297454834,GOES-19
19.082908630371094,-90.74034881591797,2026-05-07T00:50:21Z,processed,81.64763641357422,GOES-19
19.101837158203125,-90.68122100830078,2026-05-07T00:50:21Z,processed,166.34535217285156,GOES-19
19.10216522216797,-90.70169067382812,2026-05-07T00:50:21Z,processed,145.8146209716797,GOES-19
19.101837158203125,-90.68122100830078,2026-05-07T00:40:21Z,processed,128.4810333251953,GOES-19
19.10216522216797,-90.70169067382812,2026-05-07T00:40:21Z,processed,111.24772644042969,GOES-19
19.097871780395508,-90.7009506225586,2026-05-07T00:40:21Z,processed,118.8813705444336,GOES-18
18.943740844726562,-90.74463653564453,2026-05-07T00:40:21Z,processed,57.69379425048828,GOES-19
18.984817504882812,-90.8310546875,2026-05-07T00:40:21Z,processed,44.545082092285156,GOES-19
19.003711700439453,-90.77191162109375,2026-05-07T00:40:21Z,processed,25.10322380065918,GOES-19
19.06549644470215,-90.90180206298828,2026-05-07T00:40:21Z,medium_probability,22.20269775390625,GOES-19
19.082908630371094,-90.74034881591797,2026-05-07T00:40:21Z,processed,86.73529052734375,GOES-19
18.863792419433594,-90.71501922607422,2026-05-07T00:30:21Z,processed,32.623191833496094,GOES-19
18.943740844726562,-90.74463653564453,2026-05-07T00:30:21Z,processed,65.16011047363281,GOES-19
18.984817504882812,-90.8310546875,2026-05-07T00:30:21Z,processed,55.80586242675781,GOES-19
19.003711700439453,-90.77191162109375,2026-05-07T00:30:21Z,processed,34.72976303100586,GOES-19
19.06549644470215,-90.90180206298828,2026-05-07T00:30:21Z,medium_probability,21.490171432495117,GOES-19
19.082908630371094,-90.74034881591797,2026-05-07T00:30:21Z,processed,91.01335906982422,GOES-19
19.10216522216797,-90.70169067382812,2026-05-07T00:30:21Z,processed,96.48857879638672,GOES-19
19.101837158203125,-90.68122100830078,2026-05-07T00:30:21Z,processed,159.489013671875,GOES-19
18.863792419433594,-90.71501922607422,2026-05-07T00:20:21Z,processed,38.82441711425781,GOES-19
18.943740844726562,-90.74463653564453,2026-05-07T00:20:21Z,processed,71.33564758300781,GOES-19
19.06549644470215,-90.90180206298828,2026-05-07T00:20:21Z,processed,24.78855323791504,GOES-19
19.082908630371094,-90.74034881591797,2026-05-07T00:20:21Z,processed,99.97538757324219,GOES-19
19.101837158203125,-90.68122100830078,2026-05-07T00:20:21Z,processed,131.52926635742188,GOES-19
19.10216522216797,-90.70169067382812,2026-05-07T00:20:21Z,processed,107.19818878173828,GOES-19
18.984817504882812,-90.8310546875,2026-05-07T00:20:21Z,processed,55.73237609863281,GOES-19
18.863792419433594,-90.71501922607422,2026-05-07T00:10:21Z,processed,24.606626510620117,GOES-19
18.943740844726562,-90.74463653564453,2026-05-07T00:10:21Z,processed,68.15509033203125,GOES-19
18.984817504882812,-90.8310546875,2026-05-07T00:10:21Z,processed,49.69856262207031,GOES-19
19.06549644470215,-90.90180206298828,2026-05-07T00:10:21Z,high_probability,29.63233757019043,GOES-19
19.082908630371094,-90.74034881591797,2026-05-07T00:10:21Z,processed,98.74644470214844,GOES-19
19.101837158203125,-90.68122100830078,2026-05-07T00:10:21Z,processed,156.60665893554688,GOES-19
19.10216522216797,-90.70169067382812,2026-05-07T00:10:21Z,processed,103.64157104492188,GOES-19
18.984817504882812,-90.8310546875,2026-05-07T00:00:21Z,processed,56.16792297363281,GOES-19
19.06549644470215,-90.90180206298828,2026-05-07T00:00:21Z,high_probability,29.982433319091797,GOES-19
19.082908630371094,-90.74034881591797,2026-05-07T00:00:21Z,processed,83.33389282226562,GOES-19
19.10216522216797,-90.70169067382812,2026-05-07T00:00:21Z,processed,67.17941284179688,GOES-19
19.101837158203125,-90.68122100830078,2026-05-07T00:00:21Z,processed,121.61959075927734,GOES-19
18.943740844726562,-90.74463653564453,2026-05-07T00:00:21Z,processed,69.67281341552734,GOES-19
18.943740844726562,-90.74463653564453,2026-05-06T23:30:21Z,processed,86.40656280517578,GOES-19
18.984817504882812,-90.8310546875,2026-05-06T23:30:21Z,processed,84.38593292236328,GOES-19
19.082908630371094,-90.74034881591797,2026-05-06T23:30:21Z,processed,72.7969741821289,GOES-19
19.101837158203125,-90.68122100830078,2026-05-06T23:30:21Z,processed,94.49422454833984,GOES-19
19.06549644470215,-90.90180206298828,2026-05-06T23:30:21Z,processed,49.81190872192383,GOES-19
18.863792419433594,-90.71501922607422,2026-05-06T23:20:21Z,processed,51.41904830932617,GOES-19
18.943740844726562,-90.74463653564453,2026-05-06T23:20:21Z,processed,111.4491195678711,GOES-19
18.964937210083008,-90.82877349853516,2026-05-06T23:20:21Z,processed,69.18522644042969,GOES-19
18.984817504882812,-90.8310546875,2026-05-06T23:20:21Z,processed,114.6754379272461,GOES-19
18.985197067260742,-90.85157012939453,2026-05-06T23:20:21Z,processed,64.20703887939453,GOES-19
19.06549644470215,-90.90180206298828,2026-05-06T23:20:21Z,processed,78.51478576660156,GOES-19
19.082908630371094,-90.74034881591797,2026-05-06T23:20:21Z,processed,89.07341003417969,GOES-19
19.101837158203125,-90.68122100830078,2026-05-06T23:20:21Z,processed,88.44100952148438,GOES-19
19.10275650024414,-90.74258422851562,2026-05-06T23:20:21Z,processed,69.66136169433594,GOES-19
19.10216522216797,-90.70169067382812,2026-05-06T23:20:21Z,processed,57.982765197753906,GOES-19
19.003711700439453,-90.77191162109375,2026-05-06T23:20:21Z,processed,61.66585922241211,GOES-19
18.849489212036133,-90.71435546875,2026-05-06T23:10:21Z,medium_probability,51.960784912109375,GOES-18
18.863792419433594,-90.71501922607422,2026-05-06T23:10:21Z,processed,46.832603454589844,GOES-19
18.984817504882812,-90.8310546875,2026-05-06T23:10:21Z,processed,51.45050048828125,GOES-19
19.003711700439453,-90.77191162109375,2026-05-06T23:10:21Z,processed,88.72544860839844,GOES-19
19.082908630371094,-90.74034881591797,2026-05-06T23:10:21Z,processed,111.12202453613281,GOES-19
19.0832576751709,-90.7608413696289,2026-05-06T23:10:21Z,processed,66.74004364013672,GOES-19
19.101837158203125,-90.68122100830078,2026-05-06T23:10:21Z,processed,117.42472839355469,GOES-19
19.10216522216797,-90.70169067382812,2026-05-06T23:10:21Z,processed,96.39535522460938,GOES-19
19.10275650024414,-90.74258422851562,2026-05-06T23:10:21Z,processed,63.00589370727539,GOES-19
18.943740844726562,-90.74463653564453,2026-05-06T23:10:21Z,processed,101.80868530273438,GOES-19
19.06852912902832,-90.9164047241211,2026-05-06T23:00:21Z,processed,57.789363861083984,GOES-18
19.096572875976562,-90.73504638671875,2026-05-06T23:00:21Z,processed,103.0809097290039,GOES-18
18.923797607421875,-90.74230194091797,2026-05-06T23:00:21Z,processed,78.93982696533203,GOES-19
18.943740844726562,-90.74463653564453,2026-05-06T23:00:21Z,processed,113.13790130615234,GOES-19
18.984817504882812,-90.8310546875,2026-05-06T23:00:21Z,high_probability,60.63302993774414,GOES-19
19.003711700439453,-90.77191162109375,2026-05-06T23:00:21Z,processed,117.9093246459961,GOES-19
19.082908630371094,-90.74034881591797,2026-05-06T23:00:21Z,processed,146.02420043945312,GOES-19
19.0832576751709,-90.7608413696289,2026-05-06T23:00:21Z,processed,82.63658905029297,GOES-19
19.101837158203125,-90.68122100830078,2026-05-06T23:00:21Z,processed,142.70565795898438,GOES-19
19.10216522216797,-90.70169067382812,2026-05-06T23:00:21Z,processed,87.9021987915039,GOES-19
19.06549644470215,-90.90180206298828,2026-05-06T23:00:21Z,processed,57.508628845214844,GOES-19
18.924705505371094,-90.8036117553711,2026-05-06T23:00:21Z,high_probability,57.1942024230957,GOES-19
18.930763244628906,-90.74467468261719,2026-05-06T23:00:21Z,processed,92.544921875,GOES-18
18.930763244628906,-90.74467468261719,2026-05-06T22:50:21Z,processed,70.3947525024414,GOES-18
19.01232147216797,-90.7740478515625,2026-05-06T22:50:21Z,processed,70.89380645751953,GOES-18
19.096572875976562,-90.73504638671875,2026-05-06T22:50:21Z,processed,153.04632568359375,GOES-18
18.924705505371094,-90.8036117553711,2026-05-06T22:50:21Z,high_probability,67.64688110351562,GOES-19
18.943740844726562,-90.74463653564453,2026-05-06T22:50:21Z,processed,90.35382080078125,GOES-19
18.984817504882812,-90.8310546875,2026-05-06T22:50:21Z,processed,79.50918579101562,GOES-19
19.06549644470215,-90.90180206298828,2026-05-06T22:50:21Z,processed,48.941322326660156,GOES-19
19.082908630371094,-90.74034881591797,2026-05-06T22:50:21Z,processed,191.7760772705078,GOES-19
19.0832576751709,-90.7608413696289,2026-05-06T22:50:21Z,processed,100.7984619140625,GOES-19
19.10216522216797,-90.70169067382812,2026-05-06T22:50:21Z,processed,83.58174896240234,GOES-19
19.10275650024414,-90.74258422851562,2026-05-06T22:50:21Z,processed,85.35963439941406,GOES-19
19.121828079223633,-90.68357849121094,2026-05-06T22:50:21Z,processed,52.81792068481445,GOES-19
19.101837158203125,-90.68122100830078,2026-05-06T22:50:21Z,processed,130.18759155273438,GOES-19
19.003711700439453,-90.77191162109375,2026-05-06T22:50:21Z,processed,119.43024444580078,GOES-19
18.923797607421875,-90.74230194091797,2026-05-06T22:50:21Z,processed,58.02605056762695,GOES-19
18.849489212036133,-90.71435546875,2026-05-06T22:40:21Z,processed,66.96055603027344,GOES-18
19.096572875976562,-90.73504638671875,2026-05-06T22:40:21Z,processed,180.01736450195312,GOES-18
18.863792419433594,-90.71501922607422,2026-05-06T22:40:21Z,high_probability,55.230567932128906,GOES-19
18.90479850769043,-90.80130767822266,2026-05-06T22:40:21Z,processed,96.27000427246094,GOES-19
18.923797607421875,-90.74230194091797,2026-05-06T22:40:21Z,processed,61.05466079711914,GOES-19
18.924705505371094,-90.8036117553711,2026-05-06T22:40:21Z,processed,96.49331665039062,GOES-19
18.925045013427734,-90.82408905029297,2026-05-06T22:40:21Z,processed,48.08993148803711,GOES-19
18.983814239501953,-90.76962280273438,2026-05-06T22:40:21Z,processed,49.0237922668457,GOES-19
18.984817504882812,-90.8310546875,2026-05-06T22:40:21Z,processed,103.11007690429688,GOES-19
18.985197067260742,-90.85157012939453,2026-05-06T22:40:21Z,processed,73.88603210449219,GOES-19
19.004058837890625,-90.79239654541016,2026-05-06T22:40:21Z,processed,66.08613586425781,GOES-19
19.06549644470215,-90.90180206298828,2026-05-06T22:40:21Z,processed,68.44866943359375,GOES-19
19.082908630371094,-90.74034881591797,2026-05-06T22:40:21Z,processed,186.859619140625,GOES-19
19.0832576751709,-90.7608413696289,2026-05-06T22:40:21Z,processed,112.072021484375,GOES-19
19.101837158203125,-90.68122100830078,2026-05-06T22:40:21Z,processed,162.18118286132812,GOES-19
19.10216522216797,-90.70169067382812,2026-05-06T22:40:21Z,processed,143.24049377441406,GOES-19
19.10275650024414,-90.74258422851562,2026-05-06T22:40:21Z,processed,89.82491302490234,GOES-19
19.140460968017578,-90.60401916503906,2026-05-06T22:40:21Z,processed,57.834388732910156,GOES-19
19.121828079223633,-90.68357849121094,2026-05-06T22:40:21Z,processed,48.2197265625,GOES-19
19.003711700439453,-90.77191162109375,2026-05-06T22:40:21Z,processed,134.06939697265625,GOES-19
18.943740844726562,-90.74463653564453,2026-05-06T22:40:21Z,processed,101.40408325195312,GOES-19
18.905162811279297,-90.82180786132812,2026-05-06T22:40:21Z,medium_probability,46.623531341552734,GOES-19
18.991247177124023,-90.78385162353516,2026-05-06T22:30:21Z,processed,152.10260009765625,GOES-18
19.01232147216797,-90.7740478515625,2026-05-06T22:30:21Z,processed,99.01583862304688,GOES-18
19.097871780395508,-90.7009506225586,2026-05-06T22:30:21Z,processed,110.98816680908203,GOES-18
19.096572875976562,-90.73504638671875,2026-05-06T22:30:21Z,processed,158.22093200683594,GOES-18
19.095125198364258,-90.76958465576172,2026-05-06T22:30:21Z,processed,95.87000274658203,GOES-18
18.86344337463379,-90.6945571899414,2026-05-06T22:30:21Z,medium_probability,49.7536506652832,GOES-19
18.863792419433594,-90.71501922607422,2026-05-06T22:30:21Z,high_probability,57.52722930908203,GOES-19
18.90479850769043,-90.80130767822266,2026-05-06T22:30:21Z,processed,115.98945617675781,GOES-19
18.923797607421875,-90.74230194091797,2026-05-06T22:30:21Z,processed,66.28155517578125,GOES-19
18.924705505371094,-90.8036117553711,2026-05-06T22:30:21Z,high_probability,80.61040496826172,GOES-19
18.943740844726562,-90.74463653564453,2026-05-06T22:30:21Z,processed,132.5805206298828,GOES-19
18.944013595581055,-90.7650375366211,2026-05-06T22:30:21Z,medium_probability,47.704193115234375,GOES-19
18.964937210083008,-90.82877349853516,2026-05-06T22:30:21Z,processed,46.243431091308594,GOES-19
18.984134674072266,-90.79007720947266,2026-05-06T22:30:21Z,processed,56.7097282409668,GOES-19
18.984817504882812,-90.8310546875,2026-05-06T22:30:21Z,processed,101.92433166503906,GOES-19
18.985197067260742,-90.85157012939453,2026-05-06T22:30:21Z,processed,65.95227813720703,GOES-19
19.004058837890625,-90.79239654541016,2026-05-06T22:30:21Z,processed,85.5384521484375,GOES-19
19.06549644470215,-90.90180206298828,2026-05-06T22:30:21Z,processed,42.96443176269531,GOES-19
19.081974029541016,-90.6789779663086,2026-05-06T22:30:21Z,processed,71.5806655883789,GOES-19
19.082908630371094,-90.74034881591797,2026-05-06T22:30:21Z,processed,207.51539611816406,GOES-19
19.0832576751709,-90.7608413696289,2026-05-06T22:30:21Z,processed,145.97889709472656,GOES-19
19.101476669311523,-90.66072082519531,2026-05-06T22:30:21Z,processed,46.0462760925293,GOES-19
19.101837158203125,-90.68122100830078,2026-05-06T22:30:21Z,processed,192.12684631347656,GOES-19
19.10216522216797,-90.70169067382812,2026-05-06T22:30:21Z,processed,160.218505859375,GOES-19
19.10275650024414,-90.74258422851562,2026-05-06T22:30:21Z,processed,124.30585479736328,GOES-19
19.103160858154297,-90.76313018798828,2026-05-06T22:30:21Z,processed,91.4672622680664,GOES-19
19.121440887451172,-90.66305541992188,2026-05-06T22:30:21Z,processed,49.42874526977539,GOES-19
19.121828079223633,-90.68357849121094,2026-05-06T22:30:21Z,processed,53.568782806396484,GOES-19
19.140460968017578,-90.60401916503906,2026-05-06T22:30:21Z,processed,76.74594116210938,GOES-19
19.140764236450195,-90.62445068359375,2026-05-06T22:30:21Z,processed,63.15424728393555,GOES-19
19.121105194091797,-90.642578125,2026-05-06T22:30:21Z,processed,49.66221237182617,GOES-19
19.082265853881836,-90.69940948486328,2026-05-06T22:30:21Z,processed,55.69440460205078,GOES-19
19.003711700439453,-90.77191162109375,2026-05-06T22:30:21Z,processed,203.69174194335938,GOES-19
18.983814239501953,-90.76962280273438,2026-05-06T22:30:21Z,processed,125.27174377441406,GOES-19
19.075439453125,-90.74503326416016,2026-05-06T22:30:21Z,processed,117.52275848388672,GOES-18
18.849489212036133,-90.71435546875,2026-05-06T22:20:21Z,processed,111.81089782714844,GOES-18
18.9071044921875,-90.82250213623047,2026-05-06T22:20:21Z,processed,83.58737182617188,GOES-18
19.096572875976562,-90.73504638671875,2026-05-06T22:20:21Z,processed,113.30353546142578,GOES-18
18.843812942504883,-90.71266174316406,2026-05-06T22:20:21Z,processed,107.35249328613281,GOES-19
18.86344337463379,-90.6945571899414,2026-05-06T22:20:21Z,medium_probability,47.562843322753906,GOES-19
18.863792419433594,-90.71501922607422,2026-05-06T22:20:21Z,high_probability,76.59268188476562,GOES-19
18.90479850769043,-90.80130767822266,2026-05-06T22:20:21Z,processed,96.91670227050781,GOES-19
18.923797607421875,-90.74230194091797,2026-05-06T22:20:21Z,processed,102.29057312011719,GOES-19
18.924705505371094,-90.8036117553711,2026-05-06T22:20:21Z,high_probability,99.32351684570312,GOES-19
18.943740844726562,-90.74463653564453,2026-05-06T22:20:21Z,processed,146.9510498046875,GOES-19
18.984817504882812,-90.8310546875,2026-05-06T22:20:21Z,processed,65.27191162109375,GOES-19
19.003711700439453,-90.77191162109375,2026-05-06T22:20:21Z,processed,113.15569305419922,GOES-19
19.06549644470215,-90.90180206298828,2026-05-06T22:20:21Z,processed,44.265811920166016,GOES-19
19.082908630371094,-90.74034881591797,2026-05-06T22:20:21Z,processed,164.52235412597656,GOES-19
19.0832576751709,-90.7608413696289,2026-05-06T22:20:21Z,processed,89.1173095703125,GOES-19
19.101837158203125,-90.68122100830078,2026-05-06T22:20:21Z,processed,168.67987060546875,GOES-19
19.10216522216797,-90.70169067382812,2026-05-06T22:20:21Z,processed,90.75,GOES-19
19.10275650024414,-90.74258422851562,2026-05-06T22:20:21Z,processed,53.42594909667969,GOES-19
18.84349822998047,-90.6922378540039,2026-05-06T22:20:21Z,high_probability,75.87442779541016,GOES-19
19.121105194091797,-90.642578125,2026-05-06T22:20:21Z,processed,47.86492919921875,GOES-19
19.121440887451172,-90.66305541992188,2026-05-06T22:20:21Z,processed,56.92198944091797,GOES-19
19.121828079223633,-90.68357849121094,2026-05-06T22:20:21Z,processed,57.93313980102539,GOES-19
19.140066146850586,-90.58349609375,2026-05-06T22:20:21Z,processed,45.836307525634766,GOES-19
19.140460968017578,-90.60401916503906,2026-05-06T22:20:21Z,processed,80.66496276855469,GOES-19
19.140764236450195,-90.62445068359375,2026-05-06T22:20:21Z,processed,52.944496154785156,GOES-19
18.849489212036133,-90.71435546875,2026-05-06T22:10:21Z,processed,113.71739959716797,GOES-18
18.908374786376953,-90.78857421875,2026-05-06T22:10:21Z,processed,110.20588684082031,GOES-18
18.9071044921875,-90.82250213623047,2026-05-06T22:10:21Z,high_probability,103.20738983154297,GOES-18
19.096572875976562,-90.73504638671875,2026-05-06T22:10:21Z,processed,131.24249267578125,GOES-18
19.120180130004883,-90.6572494506836,2026-05-06T22:10:21Z,processed,79.54683685302734,GOES-18
18.84349822998047,-90.6922378540039,2026-05-06T22:10:21Z,high_probability,68.38087463378906,GOES-19
18.843812942504883,-90.71266174316406,2026-05-06T22:10:21Z,processed,77.5737075805664,GOES-19
18.86344337463379,-90.6945571899414,2026-05-06T22:10:21Z,high_probability,71.27442169189453,GOES-19
18.863792419433594,-90.71501922607422,2026-05-06T22:10:21Z,processed,112.32925415039062,GOES-19
18.90479850769043,-90.80130767822266,2026-05-06T22:10:21Z,processed,168.7085418701172,GOES-19
18.905162811279297,-90.82180786132812,2026-05-06T22:10:21Z,high_probability,76.39198303222656,GOES-19
18.923797607421875,-90.74230194091797,2026-05-06T22:10:21Z,processed,95.2835922241211,GOES-19
18.924705505371094,-90.8036117553711,2026-05-06T22:10:21Z,processed,136.9333038330078,GOES-19
18.925045013427734,-90.82408905029297,2026-05-06T22:10:21Z,high_probability,56.44692611694336,GOES-19
18.943740844726562,-90.74463653564453,2026-05-06T22:10:21Z,processed,147.80311584472656,GOES-19
18.944013595581055,-90.7650375366211,2026-05-06T22:10:21Z,medium_probability,54.3907356262207,GOES-19
18.984817504882812,-90.8310546875,2026-05-06T22:10:21Z,processed,49.691322326660156,GOES-19
19.003711700439453,-90.77191162109375,2026-05-06T22:10:21Z,processed,58.20174789428711,GOES-19
19.06549644470215,-90.90180206298828,2026-05-06T22:10:21Z,processed,67.36744689941406,GOES-19
19.082908630371094,-90.74034881591797,2026-05-06T22:10:21Z,processed,118.19205474853516,GOES-19
19.0832576751709,-90.7608413696289,2026-05-06T22:10:21Z,processed,67.92384338378906,GOES-19
19.101476669311523,-90.66072082519531,2026-05-06T22:10:21Z,processed,46.99106216430664,GOES-19
19.101837158203125,-90.68122100830078,2026-05-06T22:10:21Z,processed,96.85367584228516,GOES-19
19.10216522216797,-90.70169067382812,2026-05-06T22:10:21Z,processed,59.420875549316406,GOES-19
19.10275650024414,-90.74258422851562,2026-05-06T22:10:21Z,processed,81.63539123535156,GOES-19
19.103160858154297,-90.76313018798828,2026-05-06T22:10:21Z,medium_probability,45.39017868041992,GOES-19
19.121105194091797,-90.642578125,2026-05-06T22:10:21Z,processed,56.4011116027832,GOES-19
19.121440887451172,-90.66305541992188,2026-05-06T22:10:21Z,processed,61.30370330810547,GOES-19
19.121828079223633,-90.68357849121094,2026-05-06T22:10:21Z,processed,46.08427429199219,GOES-19
19.140066146850586,-90.58349609375,2026-05-06T22:10:21Z,processed,46.93865966796875,GOES-19
19.140460968017578,-90.60401916503906,2026-05-06T22:10:21Z,processed,97.16548156738281,GOES-19
19.140764236450195,-90.62445068359375,2026-05-06T22:10:21Z,high_probability,80.72636413574219,GOES-19
18.930763244628906,-90.74467468261719,2026-05-06T22:00:21Z,processed,84.832275390625,GOES-18
19.096572875976562,-90.73504638671875,2026-05-06T22:00:21Z,processed,75.1804428100586,GOES-18
19.120180130004883,-90.6572494506836,2026-05-06T22:00:21Z,processed,81.29960632324219,GOES-18
18.84349822998047,-90.6922378540039,2026-05-06T22:00:21Z,processed,87.1009750366211,GOES-19
18.843812942504883,-90.71266174316406,2026-05-06T22:00:21Z,processed,102.9122543334961,GOES-19
18.86344337463379,-90.6945571899414,2026-05-06T22:00:21Z,medium_probability,53.58055877685547,GOES-19
18.863792419433594,-90.71501922607422,2026-05-06T22:00:21Z,processed,77.82120513916016,GOES-19
18.90479850769043,-90.80130767822266,2026-05-06T22:00:21Z,processed,79.2671127319336,GOES-19
18.923797607421875,-90.74230194091797,2026-05-06T22:00:21Z,processed,103.21204376220703,GOES-19
18.924081802368164,-90.7627182006836,2026-05-06T22:00:21Z,processed,36.204734802246094,GOES-19
18.924705505371094,-90.8036117553711,2026-05-06T22:00:21Z,processed,107.20368194580078,GOES-19
18.925045013427734,-90.82408905029297,2026-05-06T22:00:21Z,high_probability,56.057525634765625,GOES-19
18.943740844726562,-90.74463653564453,2026-05-06T22:00:21Z,processed,128.39596557617188,GOES-19
18.944013595581055,-90.7650375366211,2026-05-06T22:00:21Z,medium_probability,52.30198287963867,GOES-19
18.984817504882812,-90.8310546875,2026-05-06T22:00:21Z,processed,51.98472213745117,GOES-19
19.003711700439453,-90.77191162109375,2026-05-06T22:00:21Z,processed,95.10334777832031,GOES-19
19.06549644470215,-90.90180206298828,2026-05-06T22:00:21Z,processed,35.84312438964844,GOES-19
19.082908630371094,-90.74034881591797,2026-05-06T22:00:21Z,processed,110.88599395751953,GOES-19
19.0832576751709,-90.7608413696289,2026-05-06T22:00:21Z,processed,59.51254653930664,GOES-19
19.101837158203125,-90.68122100830078,2026-05-06T22:00:21Z,processed,85.79560852050781,GOES-19
19.121105194091797,-90.642578125,2026-05-06T22:00:21Z,processed,52.37428283691406,GOES-19
19.121440887451172,-90.66305541992188,2026-05-06T22:00:21Z,processed,63.510475158691406,GOES-19
19.121828079223633,-90.68357849121094,2026-05-06T22:00:21Z,processed,48.71964645385742,GOES-19
19.140066146850586,-90.58349609375,2026-05-06T22:00:21Z,processed,49.20399475097656,GOES-19
19.140460968017578,-90.60401916503906,2026-05-06T22:00:21Z,processed,61.30226516723633,GOES-19
18.849489212036133,-90.71435546875,2026-05-06T21:50:21Z,processed,111.95181274414062,GOES-18
18.930763244628906,-90.74467468261719,2026-05-06T21:50:21Z,processed,85.71501922607422,GOES-18
18.951818466186523,-90.73493194580078,2026-05-06T21:50:21Z,medium_probability,66.60365295410156,GOES-18
19.075439453125,-90.74503326416016,2026-05-06T21:50:21Z,processed,81.0459976196289,GOES-18
19.09912109375,-90.66702270507812,2026-05-06T21:50:21Z,processed,69.6036148071289,GOES-18
19.096572875976562,-90.73504638671875,2026-05-06T21:50:21Z,processed,77.56349182128906,GOES-18
19.120180130004883,-90.6572494506836,2026-05-06T21:50:21Z,processed,86.636474609375,GOES-18
19.142833709716797,-90.61235809326172,2026-05-06T21:50:21Z,processed,82.43050384521484,GOES-18
18.84349822998047,-90.6922378540039,2026-05-06T21:50:21Z,high_probability,82.98102569580078,GOES-19
18.843812942504883,-90.71266174316406,2026-05-06T21:50:21Z,processed,83.55707550048828,GOES-19
18.86344337463379,-90.6945571899414,2026-05-06T21:50:21Z,medium_probability,53.64302444458008,GOES-19
18.863792419433594,-90.71501922607422,2026-05-06T21:50:21Z,high_probability,66.76107788085938,GOES-19
18.923797607421875,-90.74230194091797,2026-05-06T21:50:21Z,processed,102.43821716308594,GOES-19
18.924705505371094,-90.8036117553711,2026-05-06T21:50:21Z,processed,48.46878433227539,GOES-19
18.943740844726562,-90.74463653564453,2026-05-06T21:50:21Z,processed,151.37945556640625,GOES-19
18.984817504882812,-90.8310546875,2026-05-06T21:50:21Z,processed,109.51853942871094,GOES-19
18.985197067260742,-90.85157012939453,2026-05-06T21:50:21Z,medium_probability,61.2551155090332,GOES-19
19.003711700439453,-90.77191162109375,2026-05-06T21:50:21Z,processed,55.058631896972656,GOES-19
19.082908630371094,-90.74034881591797,2026-05-06T21:50:21Z,processed,143.55592346191406,GOES-19
19.0832576751709,-90.7608413696289,2026-05-06T21:50:21Z,processed,60.41963577270508,GOES-19
19.101837158203125,-90.68122100830078,2026-05-06T21:50:21Z,processed,85.97608184814453,GOES-19
19.10275650024414,-90.74258422851562,2026-05-06T21:50:21Z,processed,63.20893478393555,GOES-19
19.121105194091797,-90.642578125,2026-05-06T21:50:21Z,processed,63.06867218017578,GOES-19
19.121440887451172,-90.66305541992188,2026-05-06T21:50:21Z,processed,69.1951904296875,GOES-19
19.121828079223633,-90.68357849121094,2026-05-06T21:50:21Z,processed,54.72472381591797,GOES-19
19.140066146850586,-90.58349609375,2026-05-06T21:50:21Z,processed,43.45196533203125,GOES-19
19.140460968017578,-90.60401916503906,2026-05-06T21:50:21Z,processed,74.3702392578125,GOES-19
18.849489212036133,-90.71435546875,2026-05-06T21:40:21Z,processed,69.6589584350586,GOES-18
18.930763244628906,-90.74467468261719,2026-05-06T21:40:21Z,processed,108.7844009399414,GOES-18
19.075439453125,-90.74503326416016,2026-05-06T21:40:21Z,processed,75.37369537353516,GOES-18
19.096572875976562,-90.73504638671875,2026-05-06T21:40:21Z,processed,144.38946533203125,GOES-18
19.120180130004883,-90.6572494506836,2026-05-06T21:40:21Z,processed,87.86856079101562,GOES-18
19.142833709716797,-90.61235809326172,2026-05-06T21:40:21Z,processed,76.46403503417969,GOES-18
18.84349822998047,-90.6922378540039,2026-05-06T21:40:21Z,medium_probability,57.03629684448242,GOES-19
18.843812942504883,-90.71266174316406,2026-05-06T21:40:21Z,processed,60.09884262084961,GOES-19
18.923797607421875,-90.74230194091797,2026-05-06T21:40:21Z,processed,111.6762466430664,GOES-19
18.924705505371094,-90.8036117553711,2026-05-06T21:40:21Z,processed,47.64823532104492,GOES-19
18.943740844726562,-90.74463653564453,2026-05-06T21:40:21Z,processed,146.70956420898438,GOES-19
18.984817504882812,-90.8310546875,2026-05-06T21:40:21Z,processed,52.523128509521484,GOES-19
19.003711700439453,-90.77191162109375,2026-05-06T21:40:21Z,processed,59.44863510131836,GOES-19
19.082908630371094,-90.74034881591797,2026-05-06T21:40:21Z,processed,178.99737548828125,GOES-19
19.0832576751709,-90.7608413696289,2026-05-06T21:40:21Z,processed,67.65641021728516,GOES-19
19.101837158203125,-90.68122100830078,2026-05-06T21:40:21Z,processed,84.9889144897461,GOES-19
19.10275650024414,-90.74258422851562,2026-05-06T21:40:21Z,processed,62.94522476196289,GOES-19
19.121105194091797,-90.642578125,2026-05-06T21:40:21Z,processed,63.44435119628906,GOES-19
19.121440887451172,-90.66305541992188,2026-05-06T21:40:21Z,processed,65.04773712158203,GOES-19
19.121828079223633,-90.68357849121094,2026-05-06T21:40:21Z,processed,50.04019546508789,GOES-19
19.140066146850586,-90.58349609375,2026-05-06T21:40:21Z,processed,48.67561340332031,GOES-19
19.140460968017578,-90.60401916503906,2026-05-06T21:40:21Z,processed,73.36128997802734,GOES-19
18.849489212036133,-90.71435546875,2026-05-06T21:30:21Z,processed,65.610107421875,GOES-18
18.930763244628906,-90.74467468261719,2026-05-06T21:30:21Z,processed,151.05943298339844,GOES-18
19.01232147216797,-90.7740478515625,2026-05-06T21:30:21Z,processed,56.474754333496094,GOES-18
19.075439453125,-90.74503326416016,2026-05-06T21:30:21Z,processed,73.32246398925781,GOES-18
19.120180130004883,-90.6572494506836,2026-05-06T21:30:21Z,processed,95.2679214477539,GOES-18
19.142833709716797,-90.61235809326172,2026-05-06T21:30:21Z,processed,81.8234634399414,GOES-18
18.923797607421875,-90.74230194091797,2026-05-06T21:30:21Z,processed,108.70647430419922,GOES-19
18.943740844726562,-90.74463653564453,2026-05-06T21:30:21Z,processed,197.86737060546875,GOES-19
18.944013595581055,-90.7650375366211,2026-05-06T21:30:21Z,medium_probability,64.69692993164062,GOES-19
18.984817504882812,-90.8310546875,2026-05-06T21:30:21Z,processed,42.60497283935547,GOES-19
19.003711700439453,-90.77191162109375,2026-05-06T21:30:21Z,processed,64.11698150634766,GOES-19
19.082908630371094,-90.74034881591797,2026-05-06T21:30:21Z,processed,171.9639892578125,GOES-19
19.0832576751709,-90.7608413696289,2026-05-06T21:30:21Z,processed,82.45474243164062,GOES-19
19.101837158203125,-90.68122100830078,2026-05-06T21:30:21Z,processed,73.77735137939453,GOES-19
19.10275650024414,-90.74258422851562,2026-05-06T21:30:21Z,processed,68.10283660888672,GOES-19
19.121105194091797,-90.642578125,2026-05-06T21:30:21Z,processed,62.3934326171875,GOES-19
19.121440887451172,-90.66305541992188,2026-05-06T21:30:21Z,processed,78.54405975341797,GOES-19
19.121828079223633,-90.68357849121094,2026-05-06T21:30:21Z,processed,57.00665283203125,GOES-19
19.140066146850586,-90.58349609375,2026-05-06T21:30:21Z,processed,60.79914093017578,GOES-19
19.140460968017578,-90.60401916503906,2026-05-06T21:30:21Z,processed,60.065711975097656,GOES-19
18.930763244628906,-90.74467468261719,2026-05-06T21:20:21Z,processed,137.0129852294922,GOES-18
18.951818466186523,-90.73493194580078,2026-05-06T21:20:21Z,high_probability,94.27481079101562,GOES-18
19.01232147216797,-90.7740478515625,2026-05-06T21:20:21Z,processed,76.84640502929688,GOES-18
19.075439453125,-90.74503326416016,2026-05-06T21:20:21Z,processed,87.18869018554688,GOES-18
19.120180130004883,-90.6572494506836,2026-05-06T21:20:21Z,processed,101.64735412597656,GOES-18
19.142833709716797,-90.61235809326172,2026-05-06T21:20:21Z,processed,74.25074005126953,GOES-18
18.923797607421875,-90.74230194091797,2026-05-06T21:20:21Z,processed,80.6810073852539,GOES-19
18.924705505371094,-90.8036117553711,2026-05-06T21:20:21Z,processed,42.93770217895508,GOES-19
18.943355560302734,-90.72412109375,2026-05-06T21:20:21Z,medium_probability,56.93635559082031,GOES-19
18.943740844726562,-90.74463653564453,2026-05-06T21:20:21Z,processed,221.0279541015625,GOES-19
18.984817504882812,-90.8310546875,2026-05-06T21:20:21Z,processed,34.31157684326172,GOES-19
19.003711700439453,-90.77191162109375,2026-05-06T21:20:21Z,processed,83.1918716430664,GOES-19
19.0236759185791,-90.77425384521484,2026-05-06T21:20:21Z,processed,61.20720291137695,GOES-19
19.082908630371094,-90.74034881591797,2026-05-06T21:20:21Z,processed,168.74728393554688,GOES-19
19.0832576751709,-90.7608413696289,2026-05-06T21:20:21Z,processed,62.065425872802734,GOES-19
19.101837158203125,-90.68122100830078,2026-05-06T21:20:21Z,processed,82.5330581665039,GOES-19
19.10275650024414,-90.74258422851562,2026-05-06T21:20:21Z,processed,72.85372161865234,GOES-19
19.121105194091797,-90.642578125,2026-05-06T21:20:21Z,processed,64.70065307617188,GOES-19
19.121440887451172,-90.66305541992188,2026-05-06T21:20:21Z,processed,77.18424987792969,GOES-19
19.121828079223633,-90.68357849121094,2026-05-06T21:20:21Z,processed,62.23006057739258,GOES-19
19.140066146850586,-90.58349609375,2026-05-06T21:20:21Z,processed,57.84077835083008,GOES-19
19.140460968017578,-90.60401916503906,2026-05-06T21:20:21Z,processed,68.59474182128906,GOES-19
18.951818466186523,-90.73493194580078,2026-05-06T21:10:21Z,high_probability,101.60110473632812,GOES-18
19.017738342285156,-90.6369400024414,2026-05-06T21:10:21Z,processed,52.882991790771484,GOES-18
19.075439453125,-90.74503326416016,2026-05-06T21:10:21Z,processed,101.13935852050781,GOES-18
19.096572875976562,-90.73504638671875,2026-05-06T21:10:21Z,processed,100.7225112915039,GOES-18
19.120180130004883,-90.6572494506836,2026-05-06T21:10:21Z,processed,98.18648529052734,GOES-18
18.923797607421875,-90.74230194091797,2026-05-06T21:10:21Z,processed,104.65028381347656,GOES-19
18.943740844726562,-90.74463653564453,2026-05-06T21:10:21Z,processed,258.2605895996094,GOES-19
18.944013595581055,-90.7650375366211,2026-05-06T21:10:21Z,high_probability,69.35326385498047,GOES-19
19.003711700439453,-90.77191162109375,2026-05-06T21:10:21Z,processed,58.75330352783203,GOES-19
19.082908630371094,-90.74034881591797,2026-05-06T21:10:21Z,processed,152.85635375976562,GOES-19
19.101837158203125,-90.68122100830078,2026-05-06T21:10:21Z,processed,75.62447357177734,GOES-19
19.10275650024414,-90.74258422851562,2026-05-06T21:10:21Z,processed,84.89028930664062,GOES-19
19.121105194091797,-90.642578125,2026-05-06T21:10:21Z,processed,74.72148895263672,GOES-19
19.121440887451172,-90.66305541992188,2026-05-06T21:10:21Z,processed,76.5718765258789,GOES-19
19.140460968017578,-90.60401916503906,2026-05-06T21:10:21Z,processed,66.31082916259766,GOES-19
18.951818466186523,-90.73493194580078,2026-05-06T21:00:21Z,high_probability,102.34617614746094,GOES-18
19.075439453125,-90.74503326416016,2026-05-06T21:00:21Z,processed,94.4680404663086,GOES-18
19.120180130004883,-90.6572494506836,2026-05-06T21:00:21Z,processed,104.68817901611328,GOES-18
19.142833709716797,-90.61235809326172,2026-05-06T21:00:21Z,processed,99.97737884521484,GOES-18
18.923797607421875,-90.74230194091797,2026-05-06T21:00:21Z,processed,124.3751449584961,GOES-19
18.943355560302734,-90.72412109375,2026-05-06T21:00:21Z,medium_probability,63.16263961791992,GOES-19
18.943740844726562,-90.74463653564453,2026-05-06T21:00:21Z,processed,270.3779602050781,GOES-19
18.944013595581055,-90.7650375366211,2026-05-06T21:00:21Z,high_probability,86.47526550292969,GOES-19
19.021413803100586,-90.63105773925781,2026-05-06T21:00:21Z,processed,39.0496826171875,GOES-19
19.0236759185791,-90.77425384521484,2026-05-06T21:00:21Z,processed,45.754127502441406,GOES-19
19.024953842163086,-90.85613250732422,2026-05-06T21:00:21Z,processed,41.058204650878906,GOES-19
19.082908630371094,-90.74034881591797,2026-05-06T21:00:21Z,processed,153.7303009033203,GOES-19
19.101837158203125,-90.68122100830078,2026-05-06T21:00:21Z,processed,74.2289047241211,GOES-19
19.10275650024414,-90.74258422851562,2026-05-06T21:00:21Z,processed,64.16705322265625,GOES-19
19.121105194091797,-90.642578125,2026-05-06T21:00:21Z,processed,70.89147186279297,GOES-19
19.121440887451172,-90.66305541992188,2026-05-06T21:00:21Z,processed,83.62104797363281,GOES-19
19.121828079223633,-90.68357849121094,2026-05-06T21:00:21Z,processed,64.8211669921875,GOES-19
19.140066146850586,-90.58349609375,2026-05-06T21:00:21Z,processed,67.09703063964844,GOES-19
19.140460968017578,-90.60401916503906,2026-05-06T21:00:21Z,processed,92.76017761230469,GOES-19
18.849489212036133,-90.71435546875,2026-05-06T20:50:22Z,processed,51.81351089477539,GOES-18
18.930763244628906,-90.74467468261719,2026-05-06T20:50:22Z,processed,136.95059204101562,GOES-18
18.951818466186523,-90.73493194580078,2026-05-06T20:50:22Z,high_probability,144.90406799316406,GOES-18
18.95046615600586,-90.76917266845703,2026-05-06T20:50:22Z,medium_probability,82.518310546875,GOES-18
19.01232147216797,-90.7740478515625,2026-05-06T20:50:22Z,processed,53.9152946472168,GOES-18
19.075439453125,-90.74503326416016,2026-05-06T20:50:22Z,processed,89.16987609863281,GOES-18
19.096572875976562,-90.73504638671875,2026-05-06T20:50:22Z,processed,98.98954010009766,GOES-18
19.120180130004883,-90.6572494506836,2026-05-06T20:50:22Z,processed,100.03250122070312,GOES-18
19.142833709716797,-90.61235809326172,2026-05-06T20:50:22Z,processed,83.76485443115234,GOES-18
18.923797607421875,-90.74230194091797,2026-05-06T20:50:21Z,processed,122.69610595703125,GOES-19
18.943740844726562,-90.74463653564453,2026-05-06T20:50:21Z,processed,345.92041015625,GOES-19
18.963958740234375,-90.76737213134766,2026-05-06T20:50:21Z,medium_probability,67.14395904541016,GOES-19
19.003711700439453,-90.77191162109375,2026-05-06T20:50:21Z,processed,62.89743423461914,GOES-19
19.021413803100586,-90.63105773925781,2026-05-06T20:50:21Z,processed,50.786155700683594,GOES-19
19.0236759185791,-90.77425384521484,2026-05-06T20:50:21Z,processed,56.45680618286133,GOES-19
19.082908630371094,-90.74034881591797,2026-05-06T20:50:21Z,processed,145.03724670410156,GOES-19
19.101837158203125,-90.68122100830078,2026-05-06T20:50:21Z,processed,68.09749603271484,GOES-19
19.10275650024414,-90.74258422851562,2026-05-06T20:50:21Z,processed,68.95783996582031,GOES-19
19.121105194091797,-90.642578125,2026-05-06T20:50:21Z,processed,75.4088363647461,GOES-19
19.121440887451172,-90.66305541992188,2026-05-06T20:50:21Z,processed,81.78244018554688,GOES-19
19.140460968017578,-90.60401916503906,2026-05-06T20:50:21Z,processed,75.83702087402344,GOES-19
18.849489212036133,-90.71435546875,2026-05-06T20:40:22Z,processed,63.06045913696289,GOES-18
18.930763244628906,-90.74467468261719,2026-05-06T20:40:22Z,processed,189.76321411132812,GOES-18
18.951818466186523,-90.73493194580078,2026-05-06T20:40:22Z,high_probability,254.3902130126953,GOES-18
18.95046615600586,-90.76917266845703,2026-05-06T20:40:22Z,medium_probability,85.55687713623047,GOES-18
19.120180130004883,-90.6572494506836,2026-05-06T20:40:22Z,processed,105.447021484375,GOES-18
18.84349822998047,-90.6922378540039,2026-05-06T20:40:21Z,high_probability,78.12100982666016,GOES-19
18.92342185974121,-90.72180938720703,2026-05-06T20:40:21Z,processed,66.79020690917969,GOES-19
18.923797607421875,-90.74230194091797,2026-05-06T20:40:21Z,processed,182.99368286132812,GOES-19
18.943355560302734,-90.72412109375,2026-05-06T20:40:21Z,high_probability,90.55461120605469,GOES-19
18.943740844726562,-90.74463653564453,2026-05-06T20:40:21Z,processed,334.4446105957031,GOES-19
19.003711700439453,-90.77191162109375,2026-05-06T20:40:21Z,processed,72.36662292480469,GOES-19
19.082908630371094,-90.74034881591797,2026-05-06T20:40:21Z,processed,194.0136260986328,GOES-19
19.101837158203125,-90.68122100830078,2026-05-06T20:40:21Z,processed,79.91820526123047,GOES-19
19.121105194091797,-90.642578125,2026-05-06T20:40:21Z,processed,74.29216003417969,GOES-19
19.121440887451172,-90.66305541992188,2026-05-06T20:40:21Z,processed,79.81007385253906,GOES-19
19.140066146850586,-90.58349609375,2026-05-06T20:40:21Z,processed,55.91424560546875,GOES-19
19.140460968017578,-90.60401916503906,2026-05-06T20:40:21Z,processed,94.65345001220703,GOES-19
18.930763244628906,-90.74467468261719,2026-05-06T20:30:22Z,high_probability,124.07958984375,GOES-18
19.096572875976562,-90.73504638671875,2026-05-06T20:30:22Z,processed,111.07498168945312,GOES-18
19.120180130004883,-90.6572494506836,2026-05-06T20:30:22Z,processed,91.230712890625,GOES-18
18.923797607421875,-90.74230194091797,2026-05-06T20:30:21Z,processed,61.34864044189453,GOES-19
18.943355560302734,-90.72412109375,2026-05-06T20:30:21Z,medium_probability,62.364933013916016,GOES-19
18.943740844726562,-90.74463653564453,2026-05-06T20:30:21Z,processed,182.65028381347656,GOES-19
18.963958740234375,-90.76737213134766,2026-05-06T20:30:21Z,processed,72.2674789428711,GOES-19
18.984817504882812,-90.8310546875,2026-05-06T20:30:21Z,processed,50.39570999145508,GOES-19
19.0236759185791,-90.77425384521484,2026-05-06T20:30:21Z,processed,48.19623947143555,GOES-19
19.082908630371094,-90.74034881591797,2026-05-06T20:30:21Z,processed,114.8662338256836,GOES-19
19.10275650024414,-90.74258422851562,2026-05-06T20:30:21Z,processed,72.33414459228516,GOES-19
19.121105194091797,-90.642578125,2026-05-06T20:30:21Z,processed,71.51069641113281,GOES-19
19.121440887451172,-90.66305541992188,2026-05-06T20:30:21Z,processed,80.08394622802734,GOES-19
19.140066146850586,-90.58349609375,2026-05-06T20:30:21Z,processed,76.10116577148438,GOES-19
19.140460968017578,-90.60401916503906,2026-05-06T20:30:21Z,processed,68.64636993408203,GOES-19
18.930763244628906,-90.74467468261719,2026-05-06T20:20:22Z,high_probability,154.8396453857422,GOES-18
18.951818466186523,-90.73493194580078,2026-05-06T20:20:22Z,high_probability,120.76541137695312,GOES-18
19.029191970825195,-90.86729431152344,2026-05-06T20:20:22Z,processed,45.34804916381836,GOES-18
19.096572875976562,-90.73504638671875,2026-05-06T20:20:22Z,processed,106.7965087890625,GOES-18
19.120180130004883,-90.6572494506836,2026-05-06T20:20:22Z,processed,98.97433471679688,GOES-18
18.923797607421875,-90.74230194091797,2026-05-06T20:20:21Z,processed,72.36444091796875,GOES-19
18.943355560302734,-90.72412109375,2026-05-06T20:20:21Z,high_probability,76.11135864257812,GOES-19
18.943740844726562,-90.74463653564453,2026-05-06T20:20:21Z,processed,256.5393981933594,GOES-19
18.944013595581055,-90.7650375366211,2026-05-06T20:20:21Z,medium_probability,72.51155853271484,GOES-19
18.984817504882812,-90.8310546875,2026-05-06T20:20:21Z,processed,66.62313842773438,GOES-19
19.0236759185791,-90.77425384521484,2026-05-06T20:20:21Z,processed,54.18844223022461,GOES-19
19.082908630371094,-90.74034881591797,2026-05-06T20:20:21Z,processed,136.93121337890625,GOES-19
19.10275650024414,-90.74258422851562,2026-05-06T20:20:21Z,processed,96.84925842285156,GOES-19
19.120807647705078,-90.62214660644531,2026-05-06T20:20:21Z,processed,64.3066177368164,GOES-19
19.121105194091797,-90.642578125,2026-05-06T20:20:21Z,processed,74.11066436767578,GOES-19
19.121440887451172,-90.66305541992188,2026-05-06T20:20:21Z,processed,86.47431945800781,GOES-19
19.140066146850586,-90.58349609375,2026-05-06T20:20:21Z,processed,76.32683563232422,GOES-19
